old_code,new_code
0101010F0BDAAAU,0101010F0BDABBE
0101010L0BBAEAK,0101010L0BBAEAA
0101010Q0BDACAA,0101010Q0BDACAG
0101012B0BDAABV,0101012B0BDAABX
0101012B0BEAABV,0101012B0BEAABX
0101012B0BFAABW,0101012B0BFAAAU
010102100BBBGA0,010102100BBBGAB
0101021B0BEALA0,0101021B0BEALAG
0101021B0BEAMA0,0101021B0BEAMAG
0101021B0BEAPA0,0101021B0BEAPAR
0101021B0BEATA0,0101021B0BEATAR
0101021B0BEAUA0,0101021B0BEAUAR
0101021B0BEAWA0,0101021B0BEAWAR
0101021B0BNAAA0,0101021B0BNAAAC
0101021C0AADADA,0905011D0AAAPAP
0101021C0BMAADA,0905011D0BJABAP
0102000AIAAAAAA,0106070C0AAAAAA
0102000AIBBAAAA,0106070C0BBAAAA
010300000BBACAC,010300000BBACAB
0103030S0BBABAB,0103030S0BBABAD
0104020L0BBAEAE,0104020L0BBAEAB
0104020L0BPAAA0,0104020L0BPAAAM
0106010E0BBACAN,0106010E0BBACAD
0106010E0BEABAI,0106010E0BEABAJ
0106010E0BJAAAH,0106010E0BJAAAD
0106010E0BKAAAH,0106010E0BKAAAD
0106010E0BKABAN,0106010E0BKABAD
0106020C0BEAAAJ,0106020C0BEAAAX
0106020M0AAATAT,0106020V0AAABAB
0106020M0BBAGAT,0106020V0BCABAB
0106020M0BBAHAT,0106020V0BCAAAB
0106020M0BNAAAC,0106020V0BDABAA
0106020M0BNABAC,0106020V0BDAAAA
0106040M0BBACAC,0106040M0BBAIAB
0106040M0BBAFAG,0106040M0BBAJAB
020400030BCAAAB,020400030BCAAAE
0205020G0BDAAAA,0205020G0BDAAAC
0206010F0BBABCJ,0206010F0BBABCI
0206010F0BFABCJ,0206010F0BFABCI
0206010F0BRABCH,0206010F0BRABCG
0206010K0BXAAAP,0206010K0CUAAAP
0206010K0BXABAQ,0206010K0CUABAQ
0207020L0BBAAAA,0207020L0BBAAAB
0207020Y0BBAAAA,0207020Y0BBAAAE
0207020Y0BBABAD,0207020Y0BBABAF
0207020Y0BDAAAA,0207020Y0BDAAAE
0207020Y0BDABAD,0207020Y0BDABAF
0208010AEAAAAAA,0208040A0AAAAAA
0208010AEBBAAAA,0208040A0BBAAAA
0208020I0BEAAAE,0208020I0BEAAAG
0208020I0BEABAE,0208020I0BEABAG
0211000D0BBABAD,0211000D0BBABAF
0211000I0BEABAD,0211000I0BEABBD
0211000I0BGAIAP,0211000I0BGANAR
0211000I0BSAAAC,0211000I0BSADBF
0211000I0BSABAD,0211000I0BSACBG
021200000BHAAA0,091200000BFWDFS
0212000K0BBABAB,0212000K0BBABAA
0301011AAAAAAAA,0301040Y0AAAAAA
0301011AABBAAAA,0301040Y0BBAAAA
0301011ABAAAAAA,0302000AAAAACAC
0301011ABAAABAB,0302000AAAAABAB
0301011ABBBAAA0,0302000AABBAAAA
0301011ABBBABAA,0302000AABBACAC
0301011ABBBACAB,0302000AABBABAB
0301011E0BEAAAE,0301011E0BEAAAC
0301011R0BTAABX,0301011R0BTAAAQ
0301011R0BWABCA,0301011R0BWABAQ
0301011R0CBAAAX,0301011R0CBACCD
0301011R0CBABBD,0301011R0CBADCE
0301011Y0AAAAAA,0302000V0AAAAAA
0301011Y0AAABAB,0302000V0AAABAB
0301011Y0BBAAAA,0302000V0BBAAAA
0301011Y0BBABAB,0302000V0BBABAB
0301040U0AAAAAA,0301040W0AAAAAA
0301040U0BBAAAA,0301040W0BBAAAA
0301040U0BCAAAB,0301020T0BBAAAA
0301040V0AAAAAA,0301020U0AAAAAA
0301040V0BBAAAA,0301020U0BBAAAA
0301040Z0AAAAAA,0302000X0AAAAAA
0301040Z0AAABAB,0302000X0AAABAB
0301040Z0AAACAC,0302000X0AAACAC
0301040Z0BBAAAA,0302000X0BBAAAA
0301040Z0BBABAB,0302000X0BBABAB
0301040Z0BBACAC,0302000X0BBACAC
0302000C0AABXBX,0302000ABAAABAB
0302000C0AABYBY,0302000ABAAAAAA
0302000C0AABZBZ,0302000ABAAADAD
0302000C0AACACA,0302000ABAAACAC
0302000C0BLAABM,0302000C0BLAABU
0302000C0BLABBN,0302000C0BLABBJ
0302000C0BLACBP,0302000C0BLACBS
0302000C0BQAABX,0302000ABBCAAAB
0302000C0BQABBZ,0302000ABBCABAD
0302000C0BRAABY,0302000ABBBAAAA
0302000C0BRABCA,0302000ABBBABAC
0302000C0BUAABX,0302000ABBFAAAB
0302000C0BUABBZ,0302000ABBFABAD
0302000C0BWAABX,0302000ABBDAAAB
0302000C0BWABBZ,0302000ABBDABAD
0302000C0BXAABX,0302000ABBGAAAB
0302000C0BXABBZ,0302000ABBGABAD
0302000C0BYAABX,0302000ABBEAAAB
0302000C0BYABBZ,0302000ABBEABAD
0302000K0BFABAC,0302000K0BFABAW
0302000K0BGABAX,0302000K0BGABAG
0302000K0BGACAY,0302000K0BGACAH
0302000K0BIABBC,0302000K0BIABAM
0302000N0AABMBM,0302000V0AAAAAA
0302000N0AABNBN,0302000V0AAABAB
0302000N0BBAYBB,0302000N0BBAYBA
0302000N0BBBABD,0302000N0BBBABC
0302000N0BEAABM,0302000V0BBAAAA
0302000N0BEABBN,0302000V0BBABAB
0302000V0BCAAA0,0302000Z0BBAAAA
0302000W0AAABAB,0304020Z0AAABAB
0302000W0BBABAB,0304020Z0BBABAB
0303010Q0BBAJAL,0303010Q0BBAJAJ
0303020Z0BBAAAA,0303020Z0BBAAAB
0304010G0BHAAAN,0304010G0BHAAAP
0304010G0BIABAN,0304010G0BIABAP
0304010I0BEAAAC,0304010I0BEAAAA
0304010I0BEABAC,0304010I0BEABAA
0304010I0BFAAAC,0304010I0BFAAAA
0304010J0BCAAAA,0304010J0BCAAAE
0304030C0BCADAL,0304030C0BCADAY
0304030C0BCAFAW,0304030C0BCAFAY
0307000C0BEAAAM,0307000C0BEAEAK
0307000C0BEABAK,0307000C0BEAFAM
0307000C0BEACAJ,0307000C0BEACAR
0307000C0BFACAJ,0307000C0BFACAR
030902000BEDKA0,030902000BGAABC
0309020G0BBADAG,0309020G0BBADAT
0309020G0BGABAI,0309020G0BGABAN
0309020G0BHAFAG,0309020G0BHAFAT
0309020H0BHAAA0,0309020H0BHAEAH
0309020H0BKAAAI,0309020H0BJAFAI
0309020H0BLACAH,0309020H0BLACAI
0401010ADBCBZBP,0401010ADBCBZCY
0401010ADBCCABP,0401010ADBCCACY
0402010ADAAAIAI,0402020ADAAAAAA
0402010ADBCAAAI,0402020ADBBAAAA
0402010X0BBAJAT,0402010X0BBAJAK
0403010F0BBADAE,0403010F0BBADAK
0403010F0BBAFAG,0403010F0BBAFAR
0403010S0BBACAC,0403010S0BBACAE
0405010T0AAAAAA,0405020U0AAAAAA
0405010T0BBAAAA,0405020U0BBAAAA
0406000AEBBABAA,0406000AEBBABAB
0407010X0BDABAX,0407010X0BDABBM
0407010X0BTAGA0,0407010X0BTAGBC
0407010X0BTAHA0,0407010X0BTAHBC
0407010X0BTAPA0,0407010X0BTAPBC
0407010X0CDARA0,0407010X0CDARAF
0407010X0CDATA0,0407010X0CDATAF
0407010X0CDAVA0,0407010X0CDAVBI
0407010X0CFAABD,0407010ABBBANAB
0407010X0CPABA0,0407010X0CPABAF
0407010X0CQAAA0,0407010X0CQAAAF
0407010X0CQABA0,0407010X0CQABAF
0407010X0CRAEA0,0407010X0CRAEBI
0407010X0CYACA0,0407010X0CYACAF
0407010X0DDAABP,0407010X0DDAAAJ
0407010X0DEACA0,0407010X0DEACBI
0407020A0BNAGBQ,0407020A0BNAGBL
0407020A0BNAHBR,0407020A0BNAHBJ
0407020A0BNAIBS,0407020A0BNAIBH
0407020A0BPAABN,0407020A0BPAABJ
0407020A0BYAACA,0407020A0BYARCH
0407020A0BYABBX,0407020A0BYAMBX
0407020A0BYACBZ,0407020A0BYANBZ
0407020A0BYADAZ,0407020A0BYAPAZ
0407020A0BYAEBY,0407020A0BYAQBY
0407020A0BYAFBB,0407020A0BYASBB
0407020A0BYAGCB,0407020A0BYAMBX
0407020A0BYAHCC,0407020A0BYANBZ
0407020A0BYAICD,0407020A0BYAPAZ
0407020A0BYAJCE,0407020A0BYAQBY
0407020A0BYAKCF,0407020A0BYARCH
0407020A0BYALCG,0407020A0BYASBB
0407020AHAAAAAA,0407020AGAAAJAJ
0407020AHAAABAB,0407020AGAAAKAK
0407020AHAAACAC,0407020AGAAALAL
0407020AHAAADAD,0407020AGAAAMAM
0407020AHAAAEAE,0407020AGAAANAN
0407020AHBBAAAA,0407020AGBGAAAJ
0407020AHBBABAB,0407020AGBGABAK
0407020AHBBACAC,0407020AGBGACAL
0407020AHBBADAD,0407020AGBGADAM
0407020AHBBAEAE,0407020AGBGAEAN
0407020Q0BCAHCS,0407020Q0BCAHGB
0407020Y0BBABAB,0407020Y0BBABAD
0407041ACAAAAAA,0407042T0AAAAAA
0407041ACAAABAB,0407042T0AAABAB
0407041ACBBAAAA,0407042T0BBAAAA
0407041ACBBABAB,0407042T0BBABAB
0407041F0BFABAI,0407041F0BFABAM
0408010G0BBAFAT,0408010G0BBAFAQ
0408010Q0AAAYAY,0408010Z0AABIBI
0408010U0BBABAA,0408010U0BBABBC
0409010K0BBAIAA,0409010K0BBAIAI
0409010K0BBAJAE,0409010K0BBAJAM
0409010K0BBAKAB,0409010K0BBAKAJ
0409010K0BBALAD,0409010K0BBALAL
0409010K0BBAMAC,0409010K0BBAMAK
0409010P0BBAEAJ,0409010P0BBAEAE
0409010T0BBACAF,0409010T0BBACAL
0409020G0BBAAAA,0409020G0BBAAAC
0409020N0BCAAAI,0409020N0BCAAAM
0409030B0BBABAA,0409030B0BBABAH
0409030S0AAAAAA,0908010AVAAAAAA
0409030S0BBAAAA,0908010AVBBAAAA
0410020B0BBAAAA,0410020B0BBAABA
0410020B0BBABAB,0410020B0BBABBD
0410020B0BBAKBB,0410020B0BBAKBA
0410020B0BBALBE,0410020B0BBALBD
0410020B0BBAPBK,0410020B0BBAPBA
0410020B0BBAQBL,0410020B0BBAQBD
0410020B0BBARBM,0410020B0BBARBA
0410020B0BBASBN,0410020B0BBASBD
0410020B0BBAWBS,0410020B0BBAWBA
0410020B0BBAXBT,0410020B0BBAXBD
0410020B0BCAFBC,0410020B0BCAFBA
0410020B0BCAHBF,0410020B0BCAHBD
0410020B0BCAIBI,0410020B0BCAIBA
0410020B0BCAJBJ,0410020B0BCAJBD
0410020B0BCALAA,0410020B0BCALBA
0410020B0BCAMAB,0410020B0BCAMBD
0410020B0BCANBX,0410020B0BCANBD
0410020B0BCAPBY,0410020B0BCAPBA
0410020B0BDAKBG,0410020B0BDAKAY
0410020B0BDALBH,0410020B0BDALAZ
0410020B0BDAMBH,0410020B0BDAMAZ
0410020B0BDANBH,0410020B0BDANAZ
0410020B0BDAQBV,0410020B0BDAQBP
0410020B0BDATCB,0410020B0BDATBP
0410020B0BJABBQ,0410020B0BJABBP
0410020C0BBADAD,0410020C0BBADAC
0410020D0BCAAAC,0410020D0BCAAAA
0410030A0BDABAB,0410030A0AAAEAE
0411000H0AAAAAA,1108030ABAAAAAA
0411000H0AAABAB,1108030ABAAABAB
0411000H0AAACAC,1108030ABAAACAC
0411000H0BBAAAC,1108030ABBBAAAC
0501013K0BBAMAK,0501013K0BBAQAP
0501021E0BBAAAA,0501021E0BBAAAD
0501021E0BBABAB,0501021E0BBABAE
0501021H0BBAHAI,0501021H0BBAHAC
0501022D0BBADAD,0501022D0BBADAA
0501030I0AAAEAE,0501030Z0AAABAB
0501030I0BEADAE,0501030Z0BCAAAB
0501090N0BBAAAA,0501090N0BBABCJ
050301000BBAAA0,050301000BBAAAA
050301000BBABA0,0503010BBBBAAAA
050301000BBACA0,0503010BDBBAAAA
050301000BBADA0,0503010AZBBABAB
050301000BBAEA0,0503010BABBABAB
050301000BBAFA0,0503010BCBBAAAA
050301000BBAGA0,0503010BEBBAAAA
0503010ARAAAAAA,0503022F0AAAAAA
0503010ARBBAAAA,0503022F0BBAAAA
0504010G0BBABAB,0504010G0BBABAF
0504050T0BCAAAD,0504050T0BCAAAE
0505030A0BBABAB,0505030A0BBABAD
0601011N0BFACAG,0601011N0BFACAL
0601011N0BHAAAG,0601011N0BHAAAL
0601011R0BBAAAA,0601011R0BBAAAD
0601011R0BCAAAA,0601011R0BCAAAD
0601012AAAAAAAA,0601023AUAAAAAA
0601012AABBAAAA,0601023AUBBAAAA
0601012D0BBAMAV,0601012D0BBAMBZ
0601012D0BCARAV,0601012D0BCARBZ
0601012D0BCAZBA,0601012D0BCAZAZ
0601012D0BCBDAV,0601012D0BCBDBZ
0601012S0BDALAK,0601012S0BDALAL
0601012V0BBACAC,0601012V0BBACAD
0601040I0BBABAB,0601040I0BBABAD
0601040I0BDAAA0,0601040I0BDAAAG
0601040I0BDABA0,0601040I0BDABAG
0601040I0BDACA0,0601040I0BDACAG
0601040I0BDADA0,0601040I0BDADAG
0602010M0BFACAP,0602010M0BFACAW
0602010M0BIAABB,0602010M0BIABBC
0603020T0BLAEAD,0603020T0BLAEAR
0605010N0BHAAAA,0605010N0BHAAAE
0605020E0BCABAQ,0605020E0BCABAC
0605020E0BHAAAQ,0605020E0BHAAAC
0607020P0BBABAB,0607020P0BBABAA
0607020Y0AAAAAA,0803042S0AAACAC
0607020Y0BBAAAA,0803042W0BCAAAA
0702020H0BBABAB,0702020H0BBABAF
0702020H0BBACAC,1310020J0BBABAB
0702020H0BBADAE,0702020H0BBADAF
0702020H0BCADAE,0702020H0BCADAF
0702020H0BCAEAD,0702020H0BCAEAC
0704020AABDABAC,0403040Y0BEAAAA
0704020AABDADAD,0403040Y0BEABAB
0704020J0BCACAI,0704020J0BCACAZ
0704030J0BCAAAT,0704030J0BCAAAI
0704030J0BGAAAH,0704030J0BGAAAI
0704030J0BJAAAM,0704030J0BJAAAI
0704030J0BLAAAQ,0704030J0BLAAAI
0704050ABAAAAAA,0704060A0AAAAAA
0704050ABAAABAB,0704060A0AAABAB
0704050ABBBAAAA,0704060A0BBAAAA
0704050ABBBABAB,0704060A0BBABAB
0704050ABBBACAA,0704060A0BBACAA
0704050ABBBADAB,0704060A0BBADAB
0704050Y0BCAAAM,0704050Y0BCAAAV
0801020K0BCAGAE,0801020K0BCAGAJ
0801030L0BCAAAE,0801030L0BCABAQ
0801050BXAAAAAA,0801030AFAAAAAA
0801050BXAAABAB,0801030AFAAABAB
0801050BXBBAAAA,0801030AFBBAAAA
0801050BXBBABAB,0801030AFBBABAB
0802020V0AAABAB,0802040AZAAAAAA
0802020V0BCAAAB,0802040AZBBAAAA
0802040AIAAAAAA,0801050CUAAAAAA
0802040AIAAABAB,0801050CUAAABAB
0802040AIBBAAAA,0801050CUBBAAAA
0802040AIBBABAB,0801050CUBBABAB
0802040ANAAAAAA,0802030G0AAAAAA
0802040ANBBAAAA,0802030G0BBAAAA
0802040ARAAAAAA,0801050BZAAAAAA
0802040ARAAABAB,0801050BZAAABAB
0802040ARBBAAAA,0801050BZBBAAAA
0802040ARBBABAB,0801050BZBBABAB
0802040ASAAAAAA,0801050BYAAAAAA
0802040ASBBAAAA,0801050BYBBAAAA
0802040ATAAAAAA,0801050CXAAACAC
0802040ATAAABAB,0801050CXAAAAAA
0802040ATAAACAC,0801050CXAAABAB
0802040ATBBAAAA,0801050CXBBACAC
0802040ATBBABAB,0801050CXBBAAAA
0802040ATBBACAC,0801050CXBBABAB
0802040ATBCAAAB,0801050CXBCAAAA
0802040ATBCABAA,0801050CXBCABAC
0802040AUAAAAAA,0801050CAAAAAAA
0802040AUBBAAAA,0801050CABBAAAA
0802040AVAAAAAA,0801050CHAAAAAA
0802040AVAAABAB,0801050CHAAABAB
0802040AVBBAAAA,0801050CHBBAAAA
0802040AVBBABAB,0801050CHBBABAB
0802040AWAAAAAA,0801050CIAAAAAA
0802040AWBBAAAA,0801050CIBBAAAA
0802040AXAAAAAA,0801050CGAAAAAA
0802040AXAAABAB,0801050CGAAABAB
0802040AXBBAAAA,0801050CGBBAAAA
0802040AXBBABAB,0801050CGBBABAB
0802040BAAAAAAA,0801050CVAAAAAA
0802040BAAAABAB,0801050CVAAABAB
0802040BABBAAAA,0801050CVBBAAAA
0802040BABBABAB,0801050CVBBABAB
0802040M0BDABAH,0802040M0BDABAF
0802041A0AAAAAA,0802040AQAAAAAA
0802041A0BBAAAA,0802040AQBBAAAA
0803042P0AAACAC,0803042W0AAAAAA
0803042P0BBABAC,0803042W0BBAAAA
0803042S0BDAAAC,0803042W0BCAAAA
0902012H0BIADA0,0902012H0BIADAF
0902012H0BWAAA0,0902012H0BWAAAN
0902012H0BWABA0,0902012H0BWABAN
0902012H0BWACA0,0902012H0BWACAN
0902012L0BCAAAD,1902012L0BCADDH
0902012L0BDAADC,0902012L0BDAADD
0902012L0BEAADC,0902012L0BEAADD
0902021G0BBAAA0,0902021G0BBAABD
0902021G0BBABA0,0902021G0BBABBC
0902021G0BBAGA0,0902021G0BBAGBG
0902021G0BBAIA0,0902021G0BBAIAU
0902021G0BFAAA0,0902021G0BFAABD
0902021G0BFABA0,0902021G0BFABBC
0902021G0BFAEA0,0902021G0BFAEA3
0902021G0BFAFA0,0902021G0BFAFAU
0902021N0BBACA0,0902021N0BBACBF
0902021N0BBAFA0,0902021N0BBAFBG
0902021N0BDAKA0,0902021N0BDAKBG
0902021S0BBAAA0,0902021S0BBAACQ
0902021S0BCAAA0,0902021S0BCAADE
0902021S0BCAJBP,0902021S0BCAJDR
0902021S0BDABA0,0902021S0BDABCJ
0902021S0BDACA0,0902021S0BDACBP
0902021S0BDAFA0,0902021S0BDAFBU
0902021S0BDAGA0,0902021S0BDAGBQ
0902021S0BDAIA0,0902021S0BDAIBD
0902022A0BDACAA,0902022A0BDACAC
0903000P0BNAAA0,0905021S0BBAAAB
090401000AAA6A6,0913353A0AAAAAA
090401000AAA7A7,0913391B0AAAAAA
090401000AAALAL,0913161A0AAAGAG
090401000AABABA,0913142C0AAABAB
090401000AABDBD,0913353A0AAABAB
090401000AABKBK,0913445A0AAAAAA
090401000AABRBR,0913213A0AAADAD
090401000AABSBS,0913213A0AAAEAE
090401000AABTBT,0908010AUAAAAAA
090401000AABUBU,0913445A0AAAHAH
090401000AABVBV,0908010AIAAACAC
090401000AABXBX,0913221B0AAAAAA
090401000AABYBY,0913222A0AAAAAA
090401000AABZBZ,0913225A0AAAAAA
090401000AACACA,0913227A0AAAAAA
090401000AACBCB,0913205J0AAABAB
090401000AACCCC,0913205E0AAACAC
090401000AACDCD,0913205K0AAADAD
090401000AACECE,0913205N0AAAGAG
090401000AACFCF,0913681A0AAAAAA
090401000AACGCG,0913107A0AAAEAE
090401000AACHCH,0913361A0AAACAC
090401000AACICI,0913622A0AAAAAA
090401000AACJCJ,0913205Q0AAAAAA
090401000AACKCK,0913621A0AAAAAA
090401000AACLCL,0913181G0AAABAB
090401000AACMCM,0913181C0AAABAB
090401000AACNCN,0913181C0AAAAAA
090401000AACPCP,0913191A0AAAAAA
090401000AACQCQ,0913444A0AAABAB
090401000AACRCR,0913591A0AAAAAA
090401000AACSCS,0913521A0AAABAB
090401000AACTCT,0913521C0AAAAAA
090401000AACUCU,0913226D0AAAAAA
090401000AACVCV,0913205L0AAACAC
090401000AACWCW,0913224A0AAABAB
090401000AACXCX,0913201C0AAACAC
090401000AACYCY,0913206B0AAABAB
090401000AACZCZ,0913204C0AAABAB
090401000AADADA,0913205F0AAADAD
090401000AADBDB,0913206F0AAAAAA
090401000AADCDC,0913181Q0AAAAAA
090401000AADDDD,0913181M0AAAAAA
090401000AADEDE,0913449A0AAAAAA
090401000AADFDF,0913181N0AAAAAA
090401000AADGDG,0913181P0AAAAAA
090401000AADHDH,0913061C0AAACAC
090401000AADIDI,0913205R0AAAAAA
090401000BBAAA0,090401000BBAABA
090401000BBADAL,0913161A0BGAAAG
090401000BBAEA0,0913391A0BBAAAA
090401000BBAHA0,0913207A0BBAAAA
090401000BBAPA0,0913142B0BCAAAB
090401000BBBBA0,0913441A0BBAAAA
090401000BBBDA0,0913242A0BBAAAA
090401000BBBLAR,0913181I0BBAAAA
090401000BBBPA0,0913109A0BBAAAA
090401000BBBQA0,0913261J0BEAAAE
090401000BBBSA0,0913355A0BBAAAA
090401000BBBUA0,0913201D0BBAAAA
090401000BBBWA0,0913205G0BBAAAA
090401000BBCCA0,0913446A0BBAAAA
090401000BBCGA0,0913141E0BBAAAA
090401000BBCJAN,0913142B0BBAAAA
090401000BBCLA7,0913391B0BBAAAA
090401000BBCPA0,0913204D0BBAAAA
090401000BBCQA0,0913203A0BBAAAA
090401000BBDBAR,0913181J0BBAAAB
090401000BBDTA0,0913351A0BCAAAC
090401000BBESA0,0913445A0BDAAAD
090401000BBFGA0,0913204E0BBAAAA
090401000BBFIA0,0913206C0BBAAAA
090401000BBFLA6,0913353A0BBAAAA
090401000BBFMA0,0913111A0BBAAAA
090401000BBFUA0,0913142B0BDAAAC
090401000BBFZA0,0913261J0BEABAF
090401000BBGDA0,0913261J0BBAAAA
090401000BBGFA0,0913011M0BEABAA
090401000BBGIA0,0913481A0BBAAAA
090401000BBGSA0,0913431B0BBAAAA
090401000BBGWBA,0913142C0BBABAB
090401000BBGZBD,0913353A0BCAAAB
090401000BBHGA0,0913442A0BBAAAA
090401000BBHHA0,0913445B0BCAAAB
090401000BBHVBK,0913445A0BBAAAA
090401000BBHXA0,0913203C0BBAAAA
090401000BBHZA0,0913446C0BBAAAA
090401000BBIAA0,0913202A0BBAAAA
090401000BBIEA0,0913142B0BBABAA
090401000BBIIA0,0913205I0BBAAAA
090401000BBJCA0,0913081D0BBAAAA
090401000BBJDA0,0913081C0BBAAAA
090401000BBJFCH,0913361A0BBADAC
090401000BBJGA0,0913142C0BBACAB
090401000BBJGBA,0913142C0BBACAB
090401000BBJJA0,0913284A0BBAAAA
090401000BBJWA0,0913501A0BDAAAE
090401000BBJYA0,0913301A0BBAAAA
090401000BBJZA0,0913301A0BBACAA
090401000BBKAA0,0913301A0BBABAA
090401000BBKGA0,0913511A0BDAAAC
090401000BBKIA0,0913291A0BBAAAA
090401000BBKNA0,0110010A0BBAAAA
090401000BBKXA0,0913205D0BBABAA
090401000BBKYA0,0913205D0BBAAAA
090401000BBLAA0,0913205P0BBAAAA
090401000BBLCA0,0913205D0BBADAA
090401000BBLDCH,0913361A0BBAEAC
090401000BBLGA0,0913302A0BBAAAA
090401000BBLIA0,0913302A0BBABAA
090401000BBLJA0,0913302A0BBACAA
090401000BBLKA0,0913142C0BBAAAB
090401000BBLKBA,0913142C0BBAAAB
090401000BBLMA0,0913442A0BCAAAB
090401000BBLNA0,0913181L0BBAAAA
090401000BBLPA0,0913351A0BBABAB
090401000BBLQA0,0913204B0BBAAAA
090401000BBLSA0,0913201B0BBAAAA
090401000BBLTA0,0913205F0BBAFAB
090401000BBLUA0,0913351A0BBAAAA
090401000BBLVA0,0913205N0BEAAAB
090401000BBLZA0,0913205D0BBACAA
090401000BBMAA0,0913302A0BBADAA
090401000BBMBA0,0913111B0BBAAAA
090401000BBMCA0,090401000BBXUDA
090401000BBMDA0,090401000BBXSDA
090401000BBMEA0,090401000BBXTDA
090401000BBMGA0,0913205M0BBAGAC
090401000BBMNA0,0913261D0BCAAAA
090401000BBMQA0,0913206A0BBAAAA
090401000BBMSA0,0913284B0BBAAAA
090401000BBMUA0,0913201C0BBAAAA
090401000BBMWA0,0913205N0BBAHAF
090401000BBMYA0,0913205K0BCABAC
090401000BBMZA0,0913011M0BEAAAA
090401000BBNAA0,0913361A0BBAAAA
090401000BBNBA0,0913361A0BBABAA
090401000BBNCA0,0913572A0BBAAAA
090401000BBNDA0,0913204G0BBAAAA
090401000BBNFA0,0913206E0BBAAAA
090401000BBNGA0,0913181L0BBABAA
090401000BBNIBR,0913213A0BEAAAD
090401000BBNJBS,0913213A0BFAAAE
090401000BBNMA0,0913107A0BEAAAD
090401000BBNPA0,0913201F0BBAAAA
090401000BBNQA0,0913107A0BDAAAB
090401000BBNRA0,0913221C0BBAAAA
090401000BBNSA0,0913226C0BBAAAA
090401000BBNTA0,0913192A0BBABAA
090401000BBNUA0,0913212A0BBAAAA
090401000BBNZA0,0913141B0BCABAB
090401000BBPAA0,0913227B0BBACAC
090401000BBPBA0,0913237A0BBAAAA
090401000BBPDA0,0913236A0BBAAAA
090401000BBPEA0,0913235A0BBAAAA
090401000BBPGA0,0913238A0BBAAAA
090401000BBPHA0,0913232A0BBAAAA
090401000BBPIA0,0913233A0BBAAAA
090401000BBPJA0,0913234A0BBAAAA
090401000BBPKA0,0913231A0BBAAAA
090401000BBPLA0,0913701A0BBAAAA
090401000BBPMA0,0913447A0BBAAAA
090401000BBPNA0,0913571A0BBAAAA
090401000BBPQA0,0913212A0BCAAAB
090401000BBPRA0,0913261J0BCAAAB
090401000BBPTA0,0913225C0BBAAAA
090401000BBPUBT,0908010AUBBAAAA
090401000BBPVA0,0913211B0BBAAAA
090401000BBPWA0,0913211B0BBABAB
090401000BBPXA0,0913211B0BBACAC
090401000BBPYA0,0913211B0BBADAD
090401000BBPZA0,0913227C0BBAAAA
090401000BBQBA0,0913461K0BCAAAB
090401000BBQCA0,0913205F0BBAEAB
090401000BBQDA0,0913226A0BBAAAA
090401000BBQFA0,0913521A0BBACAA
090401000BBQGA0,0913521A0BBAAAA
090401000BBQHA0,0913521A0BBABAA
090401000BBQIA0,0913521B0BBAAAA
090401000BBQJA0,0913181G0BBAAAA
090401000BBQKA0,0913226B0BBAHAC
090401000BBQLA0,0913226B0BBAIAC
090401000BBQMA0,0913226B0BBAJAC
090401000BBQNA0,0913226C0BBABAB
090401000BBQPA0,0913222B0BBABAB
090401000BBQQA0,0913225C0BBABAB
090401000BBQRA0,0913227B0BBABAB
090401000BBQSA0,0913221A0BBAAAA
090401000BBQUA0,0913205F0BBAAAA
090401000BBQVA0,0913205F0BBABAA
090401000BBQWA0,0913205F0BBACAA
090401000BBQXA0,0913205F0BBADAA
090401000BBQYA0,0913201C0BBABAB
090401000BBQZA0,0913206B0BBAAAA
090401000BBRAA0,0913204C0BBAAAA
090401000BBRCA0,0913251A0BBAAAA
090401000BBRDA0,0913291A0BCAAAB
090401000BBRGA0,0913204H0BBAAAA
090401000BBRHA0,0913201G0BBAAAA
090401000BBRIA0,0913206G0BBAAAA
090401000BBRJA0,0913141B0BCAAAB
090401000BBRLA0,0913205K0BCAAAA
090401000BBRPA0,0913205N0BBAAAA
090401000BBRRA0,0913201E0BBABAB
090401000BBRSA0,0913201G0BBABAB
090401000BBRTA0,0913204F0BBABAB
090401000BBRUA0,0913204H0BBABAB
090401000BBRVA0,0913206D0BBABAB
090401000BBRWA0,0913206G0BBABAB
090401000BBRXA0,0913141D0BBAAAA
090401000BBRYA0,0913205N0BBABAC
090401000BBRZA0,0913444A0BBAAAA
090401000BBSAA0,0913181K0BBAAAA
090401000BBSBA0,0913181G0BBABAA
090401000BBSCA0,0913431A0BBAAAA
090401000BBSDA0,0913181H0BBAAAA
090401000BBSFA0,0913211A0BBAAAA
090401000BBSGA0,0913209A0BBAAAA
090401000BBSHA0,0913203B0BBAAAA
090401000BBSIA0,0913204A0BBAAAA
090401000BBSJA0,0913207B0BCAAAB
090401000BBSKA0,0913261V0BBAAAA
090401000BBSLA0,0913261V0BBABAA
090401000BBSMA0,0913261V0BBACAA
090401000BBSNA0,0913261V0BBADAA
090401000BBSPA0,0913205M0BBABAB
090401000BBSQA0,0913205N0BBACAE
090401000BBSRA0,0913301A0BBADAB
090401000BBSSA0,0913301A0BBAEAB
090401000BBSTA0,0913301A0BBAFAB
090401000BBSUA0,0913205K0BDAAAB
090401000BBSVA0,0913226B0BBABAA
090401000BBSWA0,0913226B0BBACAA
090401000BBSXA0,0913226B0BBADAA
090401000BBSYA0,0913226B0BBAAAA
090401000BBSZA0,0913226B0BBAEAA
090401000BBTEA0,0913225B0BBAAAA
090401000BBTFA0,0913227B0BBAAAA
090401000BBTGA0,0913101A0BGAAAE
090401000BBTHA0,0913101A0BHAAAF
090401000BBTIA0,0913223A0BBAAAA
090401000BBTJA0,0913222B0BBAAAA
090401000BBTKA0,0913221A0BBABAB
090401000BBTLA0,0913224A0BBAAAA
090401000BBTMA0,0913205N0BDAAAD
090401000BBTNA0,0913446A0BBABAA
090401000BBTPA0,0913204D0BBABAA
090401000BBTQA0,0913205G0BBABAA
090401000BBTRA0,0913205M0BBACAB
090401000BBTSA0,0913205M0BBADAB
090401000BBTTA0,0913205M0BBAEAB
090401000BBTUA0,0913205N0BBADAE
090401000BBTVA0,0913205N0BBAEAE
090401000BBTWA0,0913205N0BBAFAE
090401000BBTXA0,0913261J0BDAAAC
090401000BBTYA0,0913261I0BBAAAC
090401000BBTZA0,0913445B0BDAAAC
090401000BBUAA0,0913222C0BBAAAA
090401000BBUBA0,0913061C0BBAAAA
090401000BBUCA0,0913261J0BDABAD
090401000BBUDA0,0913181A0BBAAAA
090401000BBUEA0,0913181D0BCAAAA
090401000BBUFA0,0913181E0BBAAAA
090401000BBUGA0,0913205M0BBAFAB
090401000BBUHA0,0913621B0BBAAAA
090401000BBUIA0,0913205L0BBACAB
090401000BBUJA0,0913621F0BBAAAA
090401000BBUKA0,0913205E0BBABAA
090401000BBULA0,0913205E0BBACAA
090401000BBUMA0,0913531A0BDAAAC
090401000BBUNA0,0913205N0BBAGAE
090401000BBUPA0,0913131A0BBAAAA
090401000BBUQA0,0913131A0BBABAA
090401000BBURA0,0913181B0BBAAAA
090401000BBUUA0,0913445B0BBAAAA
090401000BBUVA0,0913181A0BBABAB
090401000BBUWA0,0913472A0BCAAAB
090401000BBUXA0,0913132A0BBAAAA
090401000BBUYA0,0913205A0BDAAAB
090401000BBUZA0,0913621A0BCAAAB
090401000BBVAA0,0913621F0BBABAB
090401000BBVBA0,0913621F0BBACAB
090401000BBVCA0,0913205L0BBAAAA
090401000BBVDA0,0913205L0BBABAA
090401000BBVEA0,0913446B0BBAAAA
090401000BBVFA0,0913621C0BBAAAA
090401000BBVGA0,0913621C0BBABAA
090401000BBVHA0,0913237A0BBABAB
090401000BBVIA0,0913205C0BBABAA
090401000BBVJA0,0913205C0BBACAA
090401000BBVKA0,0913107A0BDABAC
090401000BBVLA0,0913621H0BBAAAA
090401000BBVMA0,0913621E0BBAAAA
090401000BBVNA0,0913131B0BBAAAA
090401000BBVPA0,0913205B0BBAAAA
090401000BBVQA0,0913205B0BBABAA
090401000BBVRA0,0913205B0BBACAA
090401000BBVSA0,0913261E0BDAAAA
090401000BBVTA0,0913181F0BBAAAA
090401000BBVUA0,0913205F0BBAGAC
090401000BBVVA0,0913205C0BBAAAA
090401000BBVWA0,0913205E0BBAAAA
090401000BBVXA0,0913226B0BBAFAB
090401000BBVYA0,0913226B0BBAGAB
090401000BBVZA0,0913226A0BBABAB
090401000BBWAA0,0913206D0BBAAAA
090401000BBWBA0,0913201E0BBAAAA
090401000BBWCA0,0913204F0BBAAAA
090401000BBWDA0,0913621D0BBAAAA
090401000BBWEA0,0913205A0BCAAAA
090401000BBWFBX,0913221B0BBAAAA
090401000BBWGBY,0913222A0BBAAAA
090401000BBWHBZ,0913225A0BBAAAA
090401000BBWICA,0913227A0BBAAAA
090401000BBWJCB,0913205J0BBAAAB
090401000BBWKCC,0913205E0BCABAC
090401000BBWLCD,0913205K0BBAAAD
090401000BBWMCE,0913205N0BCAAAG
090401000BBWNCF,0913681A0BBAAAA
090401000BBWPCG,0913107A0BCAAAE
090401000BBWQCI,0913622A0BBAAAA
090401000BBWRCJ,0913205Q0BBAAAA
090401000BBWSA0,0913192A0BBAAAA
090401000BBWTCK,0913621A0BBAAAA
090401000BBWUCL,0913181G0BCAAAB
090401000BBWVCL,0913181G0BCABAB
090401000BBWWCM,0913181C0BBABAB
090401000BBWXCN,0913181C0BBAAAA
090401000BBWYCP,0913191A0BBAAAA
090401000BBWZCQ,0913444A0BCAAAB
090401000BBXACR,0913591A0BBAAAA
090401000BBXBCS,0913521A0BBADAB
090401000BBXCCS,0913521A0BBAGAB
090401000BBXDCS,0913521A0BBAFAB
090401000BBXECS,0913521A0BBAEAB
090401000BBXFCS,0913521B0BBABAB
090401000BBXGCT,0913521C0BBABAA
090401000BBXHCT,0913521C0BBAAAA
090401000BBXICU,0913226D0BBAAAA
090401000BBXJCV,0913205L0BBADAC
090401000BBXKCW,0913224A0BBABAB
090401000BBXLCX,0913201C0BBACAC
090401000BBXMCY,0913206B0BBABAB
090401000BBXNCZ,0913204C0BBABAB
090401000BBXPDA,0913205F0BBAHAD
090401000BBXQDA,0913205F0BBAIAD
090401000BBXRDA,0913205F0BBAJAD
090401000BBXVDB,0913206F0BBAAAA
090401000BBXWDC,0913181Q0BBAAAA
090401000BBXXDD,0913181M0BBAAAA
090401000BBXYDE,0913449A0BBAAAA
090401000BBXZDF,0913181N0BBAAAA
090401000BBYAAR,0913181J0BDAAAC
090401000BBYBDG,0913181P0BBAAAA
090401000BBYCA0,0913205E0BBADAA
090401000BBYDA0,0913205E0BBAEAA
090401000BBYEA0,0913181E0BBABAA
090401000BBYFCC,0913205E0BCAEAC
090401000BBYGCC,0913205E0BCADAC
090401000BBYHCC,0913205E0BCAFAC
090401000BBYICC,0913205E0BCACAC
090401000BBYJDH,0913061C0BDAAAC
090401000BBYKA0,0914032C0BBAAAA
090401000BBYLDI,0913205R0BBAAAA
090401010AAABAB,0913261C0AAADAD
090401010AAACAC,0913261C0AAAEAE
090401010AAADAD,0913261F0AAADAD
090401010BEAAAA,0913261G0BCAAAC
090401010BEABAA,0913261C0BBABAA
090401010BEACAA,0913261C0BBAAAA
090401010BFAAAA,0913451D0BCAAAB
090401010BHAAAA,0913261G0BDAAAD
090401010BIAAAA,0913261G0BEAAAE
090401010BIABAA,0913261C0BCAAAB
090401010BIACAA,0913451C0BBAAAA
090401010BJAAAA,0913261I0BDAAAA
090401010BJABAA,0913261I0BDADAB
090401010BJACAA,0913261I0BDACAB
090401010BJADAA,0913261I0BDAEAB
090401010BJAEAA,0913261T0BBABAA
090401010BJAFAA,0913261T0BBAAAA
090401010BJAGAA,0913261T0BBACAB
090401010BJAHAA,0913261T0BBADAB
090401010BJAIAA,0913261Q0BBAAAA
090401010BJAKAA,0913261G0BBABAB
090401010BJALAA,0913451D0BBAAAA
090401010BJAMAB,0913261C0BEAAAD
090401010BJANAC,0913261C0BEABAE
090401010BJAPAD,0913261F0BEAAAD
090401010BKAAAA,0913261G0BGAAAG
090401010BKABAA,0913261C0BDAAAC
090401020BCAAAA,0913261N0BEAAAA
090401020BDAAA0,0913261G0BBAAAA
090401030BCABAK,0913271C0BEAAAM
090401030BCACAK,0913271C0BEACAP
090401030BCAFAK,0913271C0BEABAN
090401030BCAGAK,0913461C0BFAAAJ
090401030BFAAAK,0913271C0BCAFAI
090401030BFABAK,0913271C0BCAGAJ
090401030BFAFAK,0913271C0BCADAG
090401030BFAGAK,0913271C0BCAEAH
090401030BFAHAK,0913271C0BCACAF
090401030BFAIAK,0913271C0BCAHAK
090401030BFAJAK,0913271C0BCAAAD
090401030BFAKAK,0913271C0BCABAE
090401030BFAMAK,0913461B0BBAAAA
090401030BKAAAK,0913461C0BJACBG
090401030BKABAK,0913461C0BJAABE
090401030BKACAK,0913461C0BJABBF
090401030BTAAAK,0913271C0BBABAB
090401030BTABAK,0913271C0BBAAAA
090401030BTACAK,0913271C0BBACAC
090401030BUAAAK,0913461C0BDAAAE
090401030BVAAAK,0913271C0BFAAAQ
090401030BXAAAK,0913461C0BBABAB
090401030BXABAK,0913461C0BBADBD
090401030BXACAK,0913461K0BBADAD
090401030BXADAK,0913461K0BBACAC
090401030BXAEAK,0913461C0BBACAC
090401030BXAFAK,0913461B0BDAAAC
090401030BXAGAK,0913461C0BBAAAA
090401030BXAIAK,0913461D0BDAAAC
090401030CBAAAK,0913461C0BHAGBB
090401030CBABAK,0913461C0BHACAP
090401030CBACAK,0913461K0BEABAG
090401030CBADAK,0913461C0BHAFBA
090401030CBAEAK,0913461C0BHABAN
090401030CBAGAK,0913461B0BCACAE
090401030CBAJAK,0913461B0BCAAAB
090401030CBAKAK,0913461B0BCABAB
090401030CBAMAK,0913461K0BEAAAF
090401030CEAAAK,0913461C0BGAAAK
090401030CEABAK,0913461C0BGABAL
090401030CEADAK,0913461K0BDAAAE
090401030CEAFAK,0913461B0BEAAAD
090401030CEAGAK,0913461C0BGACAZ
090401030CFAAAK,0913461D0BCABAD
090401070BDABAI,0913461C0BCADAU
090401070BDACAI,0913461C0BCACAT
090401070BDADAI,0913461C0BCABAS
090401070BDAEAI,0913461C0BCAEAV
090401070BDAFAI,0913461C0BCAAAD
090401070BGAAAI,0913271C0BDAAAL
090401070BGABAI,0913461C0BEACAH
090401070BGACAI,0913461C0BEADAI
090401070BGADAI,0913461C0BEAFAX
090401070BGAEAI,0913461C0BEAAAF
090401070BGAFAI,0913461C0BEABAG
090401070BGAGAI,0913461C0BEAGAY
090401070BGAJAI,0913461C0BEAEAW
090401070BIAAAI,0913461C0BIAABC
090401070BJAAAI,0913271C0BHABAT
090401070BJABAI,0913461C0BKAABH
090401070BLAAAI,0913461C0BHAEAR
090401070BLABAI,0913461C0BHAAAM
090401080BBAABD,0913461F0BCAEAB
090401080BBABBD,0913461F0BCADAB
090401080BBACBD,0904010Q0BQAAAQ
090401080BBADBD,0904010Q0BQADAQ
090401080BBAEBD,0913461F0BCAFAB
090401080BBAFBD,0904010Q0BQAEAQ
090401080BBAGBD,0913461F0BCAAAB
090401080BBAHBD,0913461F0BCABAB
090401080BBAIBD,0913461F0BCACAB
090401080BBAJBD,0904010Q0BQABAQ
090401080BBAKBD,0904010Q0BQACAQ
090401080BDAABD,0913461F0BDACAC
090401080BDACBD,0913461F0BDADAC
090401080BDADBD,0913461F0BDABAC
090401080BDAFBD,0913461F0BDAHAC
090401080BDAGBD,0913461F0BDAFAC
090401080BDAHBD,0913461F0BDAGAC
090401080BFAABD,0904010Q0BFAMAQ
090401080BFABBD,0904010Q0BFASAQ
090401080BFACBD,0913461F0BGABAG
090401080BFADBD,0904010Q0BFBPAQ
090401080BFAEBD,0913461F0BGAGAL
090401080BFAFBD,0913461F0BGACAH
090401080BFAGBD,0904010Q0BFBNAQ
090401080BFAHBD,0904010Q0BFBKAQ
090401080BFAIBD,0913461F0BGAAAF
090401080BFAKBD,0904010Q0BFAQAQ
090401080BFALBD,0904010Q0BFBQAQ
090401080BFAMBD,0913461F0BGAEAJ
090401080BFAPBD,0904010Q0BFARAQ
090401080BFAYBD,0913461F0BGAFAK
090401080BFBABD,0904010Q0BFBFAQ
090401080BFBBBD,0904010Q0BFAUAQ
090401080BFBCBD,0913461F0BGAHAM
090401080BFBDBD,0904010Q0BFAIAQ
090401080BFBEBD,0904010Q0BFAPAQ
090401080BFBFBD,0913461F0BGADAI
090401080BFBGBD,0904010Q0BFAWAQ
090401080BFBHBD,0904010Q0BFBBAQ
090401080BFBIBD,0904010Q0BFBCAQ
090401080BFBJBD,0904010Q0BFBDAQ
090401080BFBKBD,0904010Q0BFBHAQ
090401080BFBLBD,0904010Q0BFBJAQ
090401080BFBMBD,0904010Q0BFBLAQ
090401080BFBNBD,0904010Q0BFBMAQ
090401080BFBPBD,0904010Q0BFBRAQ
090401080BFBQBD,0904010Q0BFBSAQ
090401080BFBRBD,0913461F0BGAIAN
090401080BFBSBD,0904010Q0BFBEAQ
090401080BFBTBD,0904010Q0BFAZAQ
090401080BFBUBD,0904010Q0BFAXAQ
090401080BFBVBD,0904010Q0BFATAQ
090401080BFBWBD,0904010Q0BFAJAQ
090401080BGABBD,0913461F0BFAEAE
090401080BGACBD,0913461F0BFAAAE
090401080BGADBD,0913461F0BFACAE
090401080BGAFBD,0913461F0BFAFAE
090401080BGAHBD,0913461F0BFABAE
090401080BGALBD,0913461F0BFADAE
090401080BIABBD,0904010Q0BTABAQ
090401080BIACBD,0904010Q0BTAAAQ
090401080BIADBD,0904010Q0BTACAQ
090401080BJAHBD,0904010Q0BNAAAQ
090401080BJAIBD,0904010Q0BNABAQ
090401080BJAJBD,0904010Q0BNACAQ
090401080BKAABD,0904010Q0BXAAAQ
090401080BKABBD,0904010Q0BXABAQ
090401080BKACBD,0904010Q0BXACAQ
090401080BKADBD,0904010Q0BXADAQ
090401080BLAABD,0913461F0BEACAD
090401080BLABBD,0913461F0BEABAD
090401080BLACBD,0913461F0BEADAD
090401080BLADBD,0913461F0BEAEAD
090401080BLAEBD,0913461F0BEAFAD
090401080BLAFBD,0913461F0BEAAAD
090401080BLAGBD,0913461F0BEAGAD
090401080BMABBD,0904010Q0BSAHAQ
090401080BMACBD,0904010Q0BSAAAQ
090401080BMADBD,0904010Q0BSABAQ
090401080BMAEBD,0904010Q0BSACAQ
090401080BMAFBD,0904010Q0BSADAQ
090401080BMAGBD,0904010Q0BSAEAQ
090401080BMAHBD,0904010Q0BSAFAQ
090401080BMAIBD,0904010Q0BSAGAQ
090401080BPAABD,0913461F0BBADAA
090401080BPABBD,0913461F0BBACAA
090401080BPACBD,0913461F0BBAAAA
090401080BPADBD,0913461F0BBAFAA
090401080BPAEBD,0913461F0BBAHAA
090401080BPAFBD,0913461F0BBAIAA
090401080BPAGBD,0913461F0BBAJAA
090401080BPAHBD,0913461F0BBABAA
090401080BPAIBD,0913461F0BBAGAA
090401080BPAJBD,0913461F0BBAEAA
090401080BPAKBD,0913461F0BBAKAA
090401080BQAABD,0904010Q0BUADAQ
090401080BQABBD,0904010Q0BUAAAQ
090401080BQACBD,0904010Q0BUABAQ
090401080BQADBD,0904010Q0BUACAQ
090401080BRAABD,0913461F0BHAAAP
090401080BRABBD,0913461F0BHABAQ
090401080BRACBD,0913461F0BHACAR
090401080BRADBD,0913461F0BHADAS
090401090AAAAAA,0913142A0AAAAAA
090401090AAABAB,0913142B0AAADAD
090401090BCAAAB,0913142B0BEAAAD
090401090BCAEAA,0913142A0BBAAAA
0904010A0BBAABF,0913461I0BBACAA
0904010A0BBABBF,0913461I0BBAAAA
0904010A0BBACBF,0913461J0BBACAA
0904010A0BBADBF,0913461J0BBAAAA
0904010A0BBAFBF,0913461J0BBADAA
0904010A0BBAGBF,0913461J0BBAEAA
0904010A0BBAHBF,0913461J0BBAFAA
0904010A0BBALBF,0913461J0BBABAA
0904010A0BBAMBF,0913461I0BBADAA
0904010A0BBANBF,0913461J0BBAGAA
0904010A0BBAQBF,0913461J0BBAHAA
0904010A0BBASBF,0913461I0BBABAA
0904010A0BGAIBF,0913461J0BFAAAF
0904010A0BGARBF,0913461I0BGAAAH
0904010A0BGATBF,0913461J0BFABAF
0904010A0BGAUBF,0913461J0BFACAF
0904010A0BGAVBF,0913461J0BFAGAF
0904010A0BGAWBF,0913461J0BFAHAF
0904010A0BGAXBF,0913461I0BGACAH
0904010A0BGAYBF,0913461I0BGADAH
0904010A0BGAZBF,0913461J0BFAFAF
0904010A0BGBABF,0913461I0BGABAH
0904010A0BGBBBF,0913461J0BFAEAF
0904010A0BGBCBF,0913461J0BFADAF
0904010A0BKAABF,0913461K0BBAAAA
0904010A0BKACBF,0913461I0BFABAD
0904010A0BKAEBF,0913461I0BFAAAD
0904010A0BKAGBF,0913461J0BDADAC
0904010A0BKAHBF,0913461J0BDAEAC
0904010A0BKAJBF,0913461J0BDAAAC
0904010A0BKAKBF,0913461K0BBABAA
0904010A0BKALBF,0913461J0BDABAC
0904010A0BKAMBF,0913461J0BDACAC
0904010A0BPABBF,0913461I0BEAAAE
0904010A0BPACBF,0913461J0BEAAAD
0904010A0BPADBF,0913461I0BEACAE
0904010A0BPAEBF,0913461I0BEABAE
0904010A0BPAFBF,0913461I0BEAEAG
0904010A0BPAGBF,0913461J0BEACAE
0904010A0BPAHBF,0913461J0BEABAD
0904010A0BPAKBF,0913461I0BEADAF
0904010A0BQAABF,0913461I0BDAAAC
0904010A0BRAABF,0913461I0BHAAAI
0904010A0BWAABF,0913461I0BCAAAB
0904010A0BWABBF,0913461I0BCABAB
0904010A0BWACBF,0913461J0BCAAAB
0904010A0BWADBF,0913461I0BCACAB
0904010A0BWAEBF,0913461J0BCACAB
0904010A0BWAFBF,0913461J0BCABAB
0904010AABBAAAL,090401030BIABAK
0904010AABBABAL,090401030BIACAK
0904010AABCABAL,090401030BWAAAK
0904010AABDAAAL,0913461C0BBABAB
0904010AABDABAL,0913461C0BBADBD
0904010AABDACAL,0913461K0BBADAD
0904010AABDADAL,0913461K0BBACAC
0904010AABDAEAL,0913461C0BBACAC
0904010AABDAFAL,0913461B0BDAAAC
0904010AABDAGAL,0913461C0BBAAAA
0904010AABDAHAL,090401030BXAHAK
0904010AABEACAL,0913271C0BCAHAK
0904010AABEADAL,0913271C0BCAAAD
0904010AABEAEAL,0913271C0BCABAE
0904010AABEAFAL,090401030BFALAK
0904010AABEAGAL,0913461B0BBAAAA
0904010AABFABAL,0913271C0BEABAN
0904010AABFACAL,0913461C0BFAAAJ
0904010AABGAAAL,090401030BYAAAK
0904010AABGABAL,090401030BYABAK
0904010AABGACAL,090401030BYACAK
0904010AABJAAAL,090401030BZAAAK
0904010AABJABAL,090401030BZABAK
0904010AABJACAL,090401030BZACAK
0904010AABJADAL,090401030BZADAK
0904010AABJAEAL,090401030BZAEAK
0904010AABJAFAL,090401030BZAFAK
0904010AABKAAAL,090401030BEAEAK
0904010AABKABAL,090401030BEAFAK
0904010AABKACAL,090401030BEAGAK
0904010AABKADAL,090401030BEAHAK
0904010AABLAAAL,0913461C0BHADAQ
0904010AABLABAL,0913461C0BHAGBB
0904010AABLACAL,0913461C0BHACAP
0904010AABLADAL,0913461K0BEABAG
0904010AABLAEAL,0913461C0BHAFBA
0904010AABLAGAL,0913461C0BHABAN
0904010AABLAHAL,090401030CBAFAK
0904010AABLAIAL,0913461B0BCACAE
0904010AABLAJAL,090401030CBAIAK
0904010AABLAKAL,0913461B0BCAAAB
0904010AABLALAL,0913461B0BCABAB
0904010AABLAMAL,090401030CBALAK
0904010AABLANAL,0913461K0BEAAAF
0904010AABLAPAL,090401030CBANAK
0904010AABLAQAL,090401030CBAPAK
0904010AABPAAAL,090401030BZAGAK
0904010AABQAAAL,0913461C0BBAAAA
0904010AABQABAL,090401030BXAHAK
0904010AABRAAAL,090401030CCAAAK
0904010AABRABAL,090401030CCABAK
0904010AABRACAL,090401030CCACAK
0904010AABSAAAL,090401030CDAAAK
0904010AABSABAL,090401030CDABAK
0904010AABTAAAL,0913461C0BGAAAK
0904010AABTABAL,0913461C0BGABAL
0904010AABTACAL,090401030CEACAK
0904010AABTADAL,0913461K0BDAAAE
0904010AABTAEAL,090401030CEAEAK
0904010AABTAFAL,0913461B0BEAAAD
0904010AABTAGAL,0913461C0BGACAZ
0904010ABBBABAB,0904010H0BVAAAA
0904010ABBFAAAA,090401030BEAIAK
0904010ABBHAAAB,0913461K0BEACAH
0904010ABBHADAD,0913451I0BBAAAA
0904010ABBIAAAA,0913461D0BDAAAC
0904010ABBJAAAA,0913461D0BCABAD
0904010ABBJABAA,090401030CFABAK
0904010ACBEAAAC,0913461A0BBAAAA
0904010ACBEABAC,0913461A0BBABAG
0904010ACBGACAC,0913461A0BFABAK
0904010ACBGADAC,0913461A0BFAAAJ
0904010ACBIAAAC,0913461A0BDAEAI
0904010ACBIABAC,0913461A0BDABAD
0904010ACBIACAC,0913461A0BDAFAI
0904010ACBIADAC,0913461A0BDACAE
0904010ACBIAEAC,0913461A0BDADAH
0904010ACBIAFAC,0913461A0BDAAAC
0904010ACBJAAAC,0913461A0BEAAAF
0904010ACBKAAAC,0913461A0BCAAAB
0904010ADBLAAAA,0913461H0BBACAT
0904010ADBMABAA,0913461L0BBAAAA
0904010ADBMACAA,0913461L0BBAHAE
0904010ADBMADAA,0913461L0BBAJAH
0904010ADBMAEAA,0913461L0BBAMAK
0904010ADBMAFAA,0913461L0BBAFAD
0904010ADBMAGAA,0913461L0BBANAF
0904010ADBMAHAA,0913461L0BBALAJ
0904010ADBMAIAA,0913461L0BBAIAG
0904010ADBMAJAA,0913461L0BBAEAF
0904010ADBMAKAA,0913461L0BBAKAI
0904010ADBMALAA,0913461L0BBADAC
0904010ADBMAMAA,0913461L0BBAGAD
0904010ADBMANAA,0913461L0BBABAB
0904010ADBMAPAA,0913461L0BBACAB
0904010ADBMAQAA,0913461L0BBAPAB
0904010AEAAAAAA,0913261A0AAABAB
0904010AEBCAAAA,0913261A0BCAAAB
0904010AEBCABAA,0913261A0BCADAB
0904010AEBCACAA,0913261A0BCABAB
0904010AEBCADAA,0913261A0BCACAB
0904010AHBCAAAA,0913451F0BCAAAB
0904010AIBBAAAA,0913451H0BDABAF
0904010AIBBABAA,0904010Z0BKABAA
0904010AIBBACAA,0904010Z0BKACAA
0904010AIBCAAAA,0904010Z0BKADAA
0904010AJBBAAAA,0913451C0BCAAAB
0904010AKBBAAAA,0913451I0BDAAAC
0904010ALAAAAAA,0913261M0AAAEAE
0904010ALBBAAAA,0913261M0BBAEAE
0904010ALBBABAA,0913261M0BBAFAE
0904010ALBBACAA,0913261M0BBAKAC
0904010ALBBADAA,0913261M0BBAJAC
0904010ALBBAEAA,0913261M0BBALAC
0904010ALBBAFAA,0913261M0BBAMAC
0904010ALBBAGAA,0913261M0BBABAA
0904010ALBBAHAA,0913261M0BBACAA
0904010ALBBAIAA,0913261M0BBAGAB
0904010ALBBAJAA,0913261M0BBAHAB
0904010ALBBAKAA,0913261M0BBAIAB
0904010ALBBALAA,0913261M0BBADAE
0904010AMAAAAAA,0913261E0AAADAD
0904010AMBBAAAA,0913261E0BBAEAD
0904010AMBBABAA,0913261E0BBAGAD
0904010AMBBACAA,0913261E0BBAHAD
0904010AMBBADAA,0913261E0BBAFAD
0904010AMBCAAAA,0913451C0BBAAAA
0904010AMBDAAAA,0913261E0BCABAB
0904010AMBDABAA,0913261E0BCAAAB
0904010ANAAAAAA,0913261U0AAAAAA
0904010ANAAABAB,0913261H0AAAFAF
0904010ANBBAAAA,0913261U0BBAAAA
0904010ANBCAAAB,0913261H0BFACAF
0904010APAAABAB,0913261A0AAACAC
0904010APBBAAAA,0913261A0BBABAA
0904010APBBABAA,0913261A0BBAAAA
0904010APBCAAAB,0913261A0BCAEAC
0904010APBCABAB,0913261A0BCAFAC
0904010AQBBAAAA,0913261K0BBAHAA
0904010AQBBACAA,0913261K0BBACAA
0904010AQBBADAA,0913261K0BBAEAA
0904010AQBBAEAA,0913261K0BBAFAA
0904010AQBBAGAA,0913261K0BBADAA
0904010AQBBAHAA,0913261K0BBABAA
0904010AQBBAIAA,0913261K0BBAGAA
0904010AQBBAJAA,0913261K0BBAIAA
0904010AQBBAKAA,0913261K0BBAAAA
0904010AQBCAAAA,0913261K0BCAAAB
0904010ARBBAAAA,0913261F0BDABAC
0904010ARBBABAA,0913261F0BDAAAC
0904010ARBCAAAA,0913451I0BCAAAB
0904010ASAAAAAA,0913451A0AAAAAA
0904010ASBBAAAA,0913261B0BBABAA
0904010ASBBABAA,0913261B0BBAAAA
0904010ASBBACAA,0913261B0BBACAA
0904010ASBCAAAA,0913451A0BBAAAA
0904010ATAAAAAA,0913261S0AAACAC
0904010ATBBAAAA,0913261S0BCADAA
0904010ATBBABAA,0913261S0BCAEAA
0904010ATBBACAA,0913261S0BCABAA
0904010ATBBADAA,0913261S0BCACAA
0904010ATBBAEAA,0913261S0BCAAAC
0904010AUAAAAAA,0913461I0AAAJAJ
0904010AUBBAAAA,0913461I0BEAFAJ
0904010AUBBABAA,0913461I0BEAGAJ
0904010AUBBACAA,0913461I0BEAHAJ
0904010AVAAAAAA,0913601A0AAACAC
0904010AVBBAAAA,0913601A0BBAAAA
0904010AVBBABAA,0913601A0BBABAB
0904010AVBBACAA,0913601A0BBACAC
0904010AWAAAAAA,0913611A0AAAAAA
0904010AXAAAAAA,0913261N0AAAEAE
0904010AXBBAAAA,0913261N0BDAAAE
0904010AYAAAAAA,0913451J0AAAAAA
0904010AYBBAAAA,0913451J0BBAAAA
0904010E0BFAAAF,0913261I0BDABAA
0904010E0BGAAAF,0913261G0BHAAAH
0904010E0BGABAF,0913451B0BBAAAA
0904010E0BGACAF,0913451L0BBAAAA
0904010E0BHAAAF,0913451C0BCAAAB
0904010F0AAABAB,0913451H0AAABAB
0904010F0BEABAA,0913451E0BBAAAA
0904010F0BEACAA,0913451E0BBABAA
0904010F0BGAAAA,0913261H0BBAAAA
0904010F0BGABAA,0913261P0BCAAAB
0904010F0BGADAA,0913261H0BBABAA
0904010F0BGAEAA,0913261L0BCAAAB
0904010F0BGAFAA,0913451G0BCAAAC
0904010F0BGAGAB,0913451H0BCAAAB
0904010G0AAAAAA,0913191A0AAABAB
0904010H0BDAAAA,0913271A0BFAAAR
0904010H0BDABAA,0913271A0BFAEAV
0904010H0BDACAA,0913271B0BEAAAI
0904010H0BDADAA,0913271B0BEABAJ
0904010H0BDAEAA,0913271A0BFABAS
0904010H0BDAFAA,0913271A0BFAFAW
0904010H0BDAGAA,0913271B0BEAFAN
0904010H0BDAHAA,0913271B0BEAEAM
0904010H0BDAIAA,0913461G0BDAAAC
0904010H0BDAJAA,0913271A0BFAHAY
0904010H0BDAKAA,0913271A0BFAGAX
0904010H0BDALAA,0913271A0BFADAU
0904010H0BDAMAA,0913271A0BFACAT
0904010H0BDANAA,0913271B0BEADAL
0904010H0BDAPAA,0913271B0BEACAK
0904010H0BJAAAA,0913271A0BDACAH
0904010H0BJABAA,0913271A0BDAHAM
0904010H0BJAFAA,0913271B0BCAEAG
0904010H0BJAJAA,0913271B0BCACAE
0904010H0BJAKAA,0913461H0BDAAAF
0904010H0BJALAA,0913271A0BDAFAK
0904010H0BJAMAA,0913461H0BDABAG
0904010H0BJAPAA,0913271A0BDAGAL
0904010H0BJAQAA,0913271A0BDADAI
0904010H0BJARAA,0913271A0BDAIAN
0904010H0BJASAA,0913271A0BDAAAF
0904010H0BJATAA,0913271B0BCAAAC
0904010H0BJAUAA,0913271B0BCADAF
0904010H0BJAVAA,0913271A0BDABAG
0904010H0BJAWAA,0913271A0BDAEAJ
0904010H0BJAZAA,0913461G0BCAAAB
0904010H0BJBAAA,0913271B0BCABAD
0904010H0BLAAAA,0913461E0BEABAI
0904010H0BLABAA,0913461E0BEACAL
0904010H0BLACAA,0913461H0BIACAW
0904010H0BLAHAA,0913461H0BIABAV
0904010H0BLAKAA,0913461H0BIAAAU
0904010H0BLATAA,0913461E0BEAAAH
0904010H0BRAAAA,0913271A0BHABBB
0904010H0BRABAA,0913271A0BHAABA
0904010H0BRACAA,0913271B0BHABAU
0904010H0BRADAA,0913271B0BHAAAT
0904010H0BRAEAA,0913461H0BGAAAN
0904010H0BRAFAA,0913461H0BGACAQ
0904010H0BRAGAA,0913461H0BGABAP
0904010H0BRAHAA,0913461E0BGAAAK
0904010H0BSAAAA,0913461E0BDABAD
0904010H0BSABAA,0913461E0BDADAF
0904010H0BSACAA,0913271A0BCACAE
0904010H0BSADAA,0913271A0BCAAAC
0904010H0BSAEAA,0913461E0BDAAAC
0904010H0BSAFAA,0913271A0BCABAD
0904010H0BSAGAA,0913461E0BDACAE
0904010H0BSAHAA,0913461E0BDAEAG
0904010H0BTAAAA,0913461E0BHAAAP
0904010H0BTABAA,0913271B0BCAFAH
0904010H0BTACAA,0913461E0BHABAQ
0904010H0BUAAAA,0913461C0BHADAQ
0904010H0BVAHAA,0913461H0BCAAAC
0904010H0BVAIAA,0913461H0BCABAD
0904010H0BVAMAA,0913461H0BCACAE
0904010H0BXAEAA,0913461H0BFAAAM
0904010H0BYACAA,0913461G0BBAAAA
0904010H0BYAFAA,0913461H0BBAEAY
0904010H0BYAGAA,0913461E0BBABAM
0904010H0BYAHAA,0913461E0BBAAAA
0904010H0BYAIAA,0913461H0BBADAX
0904010H0BYAMAA,0913461E0BBACAN
0904010H0BYANAA,0913461H0BBABAB
0904010H0BYAPAA,0913461H0BBAAAA
0904010H0CCAGAA,0913461E0BCAAAB
0904010H0CEALAA,0913271B0BGAAAS
0904010H0CFAAAA,0913461H0BHAAAR
0904010H0CFAEAA,0913461H0BHABAS
0904010H0CGABAA,0913461E0BFAAAJ
0904010H0CGACAA,0913461H0BEAEAL
0904010H0CGAEAA,0913461H0BEAAAH
0904010H0CGAGAA,0913461H0BEABAI
0904010H0CGAHAA,0913461H0BEACAJ
0904010H0CGAIAA,0913461H0BEADAK
0904010I0BBAABJ,0904010A0BSAABF
0904010I0BBABBJ,0904010A0BSABBF
0904010I0BBACBJ,0904010A0BSACBF
0904010I0BIAABJ,0904010A0BTAABF
0904010I0BNAABJ,0904010A0BUAABF
0904010I0BPAABJ,0904010A0BVAABF
0904010I0BSAABJ,0904010A0BEADBF
0904010I0BSABBJ,0904010A0BEAEBF
0904010I0BTACBJ,0913461I0BCABAB
0904010I0BTADBJ,0913461I0BCACAB
0904010I0BTAEBJ,0913461J0BCABAB
0904010I0BTAFBJ,0913461J0BCAAAB
0904010I0BTAGBJ,0913461J0BCACAB
0904010I0BTAHBJ,0913461I0BCAAAB
0904010I0BVADBJ,0904010A0BFAMBF
0904010I0BVAJBJ,0904010A0BFANBF
0904010I0BWAABJ,0904010A0BXAABF
0904010I0BYAABJ,0904010A0BGBDBF
0904010J0BDABAK,090401030BDAEAK
0904010J0BDACAK,090401030BDAFAK
0904010J0BEAAAK,090401070BKAAAI
0904010J0BJAAAK,0913461C0BHAEAR
0904010J0BJABAK,0913461C0BHAAAM
0904010J0BKAAAK,090401070BMAAAI
0904010J0BLAAAK,0913461C0BCADAU
0904010J0BLABAK,0913461C0BCACAT
0904010J0BLACAK,0913461C0BCABAS
0904010J0BLADAK,0913461C0BCAEAV
0904010J0BLAEAK,0913461C0BCAAAD
0904010K0AAAAAA,0913193A0AAAAAA
0904010K0AAABAB,0913541B0AAABAB
0904010K0AAAFAF,0913541C0AAAAAA
0904010K0AAAIAI,0913541B0AAAAAA
0904010K0AAAJAJ,0913541B0AAACAC
0904010K0BBAAAF,0913541C0BBAAAA
0904010K0BDAAAI,0913541B0BBABAA
0904010K0BDABAI,0913541B0BBAAAA
0904010K0BEAAAF,0913541C0BCACAA
0904010K0BEABAF,0913541C0BCADAA
0904010K0BEACAF,0913541C0BCAAAA
0904010K0BEADAF,0913541C0BCABAA
0904010K0BFAAAF,0913541C0BDAAAA
0904010K0BFABAF,0913541C0BDABAA
0904010K0BGAAAK,0913541D0BBAAAA
0904010L0BHACBB,0904010ADBDCCAA
0904010L0BHAGBB,0904010ADBDCDAA
0904010L0BHAHBB,0904010ADBDCEAA
0904010L0BHAJBB,0904010ADBDCFAA
0904010L0BHBMBB,0904010ADBDCGAA
0904010L0BHBNBB,0904010ADBDCHAA
0904010L0BHBQBB,0904010ADBDCIAA
0904010Q0BFAKAQ,0913461F0BGAAAF
0904010Q0BFALAQ,0913461F0BGABAG
0904010Q0BFANAQ,0913461F0BGACAH
0904010Q0BFAVAQ,0913461F0BGADAI
0904010Q0BFAYAQ,0913461F0BGAEAJ
0904010Q0BFBAAQ,0913461F0BGAFAK
0904010Q0BFBGAQ,0913461F0BGAGAL
0904010Q0BFBIAQ,0913461F0BGAHAM
0904010Q0BFBTAQ,0913461F0BGAIAN
0904010Q0BLAAAQ,0913461F0BDAEAC
0904010Q0BLABAQ,0913461F0BDAAAC
0904010Q0BLACAQ,0913461F0BDAFAC
0904010Q0BLADAQ,0913461F0BDABAC
0904010Q0BLAEAQ,0913461F0BDACAC
0904010Q0BLAFAQ,0913461F0BDAGAC
0904010Q0BLAGAQ,0913461F0BDADAC
0904010Q0BLAHAQ,0913461F0BDAHAC
0904010Q0BMAAAQ,0913461F0BBAAAA
0904010Q0BMABAQ,0913461F0BBABAA
0904010Q0BMACAQ,0913461F0BBACAA
0904010Q0BMADAQ,0913461F0BBADAA
0904010Q0BMAEAQ,0913461F0BBAEAA
0904010Q0BMAFAQ,0913461F0BBAFAA
0904010Q0BMAGAQ,0913461F0BBAGAA
0904010Q0BMAHAQ,0913461F0BBAHAA
0904010Q0BMAIAQ,0913461F0BBAIAA
0904010Q0BMAJAQ,0913461F0BBAJAA
0904010Q0BMAKAQ,0913461F0BBAKAA
0904010Q0BPAAAQ,0913461F0BCAAAB
0904010Q0BPABAQ,0913461F0BCABAB
0904010Q0BPACAQ,0913461F0BCACAB
0904010Q0BPADAQ,0913461F0BCADAB
0904010Q0BPAEAQ,0913461F0BCAEAB
0904010Q0BPAFAQ,0913461F0BCAFAB
0904010Q0BRAAAQ,0913461F0BEAGAD
0904010Q0BRABAQ,0913461F0BEAAAD
0904010Q0BRACAQ,0913461F0BEABAD
0904010Q0BRADAQ,0913461F0BEACAD
0904010Q0BRAEAQ,0913461F0BEADAD
0904010Q0BRAFAQ,0913461F0BEAEAD
0904010Q0BRAGAQ,0913461F0BEAFAD
0904010Q0BVAAAQ,0913461F0BHAAAP
0904010Q0BVABAQ,0913461F0BHABAQ
0904010Q0BVACAQ,0913461F0BHACAR
0904010Q0BVADAQ,0913461F0BHADAS
0904010Q0BWAAAQ,0913461F0BFAAAE
0904010Q0BWABAQ,0913461F0BFABAE
0904010Q0BWACAQ,0913461F0BFACAE
0904010Q0BWADAQ,0913461F0BFADAE
0904010Q0BWAEAQ,0913461F0BFAEAE
0904010Q0BWAFAQ,0913461F0BFAFAE
0904010T0BGAAAD,0913261K0BCAJAE
0904010T0BGABAD,0913261K0BCAGAE
0904010T0BGACAD,0913261K0BCAEAE
0904010T0BGADAD,0913261K0BCABAE
0904010T0BGAEAD,0913261K0BCAFAE
0904010T0BGAFAD,0913261K0BCADAE
0904010T0BGAGAD,0913261K0BCAIAE
0904010T0BGAHAD,0913261K0BCAHAE
0904010T0BGAIAD,0913261K0BCANAF
0904010T0BGAJAD,0913261K0BCAAAB
0904010T0BGAKAD,0913261K0BCAMAE
0904010T0BGALAD,0913261K0BCAKAE
0904010T0BGAMAD,0913261N0BCAAAC
0904010T0BGANAD,0913261K0BCACAE
0904010T0BIAAAD,0913261K0BDACAC
0904010T0BIABAD,0913261K0BDADAC
0904010T0BIACAD,0913261K0BDAAAC
0904010T0BIADAD,0913261K0BDAEAC
0904010T0BIAEAD,0913261K0BDABAC
0904010T0BIAFAD,0913261K0BDAFAC
0904010T0BJAAAD,0913451F0BBAAAA
0904010T0BJABAD,0913451F0BBADAA
0904010T0BJACAD,0913451F0BBACAA
0904010T0BJADAD,0913451F0BBABAA
0904010T0BKAAAD,0913451F0BCAAAB
0904010U0BBACAA,0904010H0BJAXAA
0904010U0BBADAA,0904010H0BJAYAA
0904010U0BBAFAA,0913461G0BCAAAB
0904010U0BBAHAA,0913461I0BBABAA
0904010U0BBAIAA,0904010A0BBARBF
0904010U0BDAAAA,0904010H0BVABAA
0904010U0BDABAA,0904010H0BVACAA
0904010U0BDACAA,0904010H0BVADAA
0904010U0BDADAA,0904010H0BVAEAA
0904010U0BDAFAA,0904010H0BVAFAA
0904010U0BDAGAA,0904010H0BVAGAA
0904010U0BDAHAA,0913461H0BCAAAC
0904010U0BDAIAA,0913461H0BCABAD
0904010U0BDAJAA,0904010H0BVAJAA
0904010U0BDAKAA,0904010H0BVAKAA
0904010U0BDALAA,0904010H0BVALAA
0904010U0BDAMAA,0913461H0BCACAE
0904010U0BDANAA,0904010H0BVANAA
0904010U0BDAPAA,0904010H0BVAPAA
0904010U0BDAQAA,0904010H0BVAQAA
0904010U0BDARAA,0904010H0BVARAA
0904010U0BDASAA,0904010H0BVASAA
0904010U0BDATAA,0904010H0BVATAA
0904010U0BEAAAA,0904010H0BWAAAA
0904010U0BEACAA,0904010H0BWABAA
0904010U0BEADAA,0904010H0BWACAA
0904010U0BEAEAA,0904010H0BWADAA
0904010U0BGABAA,0904010H0BIAFAA
0904010U0BGAEAA,0904010H0BIAGAA
0904010U0BHAAAA,0904010H0BXAAAA
0904010U0BHABAA,0904010H0BXABAA
0904010U0BHACAA,0904010H0BXACAA
0904010U0BHADAA,0913271B0BCABAD
0904010U0BHAFAA,0904010H0BXADAA
0904010U0BHAGAA,0913461H0BFAAAM
0904010U0BHAHAA,0904010H0BXAFAA
0904010U0BHAJAA,0904010H0BXAGAA
0904010U0BIAAAA,0904010H0BYAAAA
0904010U0BIABAA,0904010H0BYABAA
0904010U0BIACAA,0913461G0BBAAAA
0904010U0BIADAA,0904010H0BYADAA
0904010U0BIAEAA,0904010H0BYAEAA
0904010U0BIAFAA,0913461H0BBAEAY
0904010U0BIAGAA,0913461E0BBABAM
0904010U0BIAHAA,0913461E0BBAAAA
0904010U0BIAIAA,0913461H0BBADAX
0904010U0BIAJAA,0904010H0BYAJAA
0904010U0BIAKAA,0904010H0BYAKAA
0904010U0BIALAA,0904010H0BYALAA
0904010U0BIAMAA,0913461E0BBACAN
0904010U0BIANAA,0913461H0BBABAB
0904010U0BIAPAA,0913461H0BBAAAA
0904010U0BJAAAA,0904010H0BZAAAA
0904010U0BJABAA,0904010H0BZABAA
0904010U0BJACAA,0904010H0BZACAA
0904010U0BJADAA,0904010H0BZADAA
0904010U0BLAAAA,0904010H0BPABAA
0904010U0BLABAA,0904010H0BPACAA
0904010U0BLADAA,0904010H0BPADAA
0904010U0BMACAA,0904010H0CBAAAA
0904010U0BNAAAA,0904010H0CCAAAA
0904010U0BNABAA,0904010H0CCABAA
0904010U0BNACAA,0904010H0CCACAA
0904010U0BNAEAA,0904010H0CCADAA
0904010U0BNAFAA,0904010H0CCAEAA
0904010U0BNAGAA,0904010H0CCAFAA
0904010U0BNAIAA,0913461E0BCAAAB
0904010U0BNAJAA,0904010H0CCAHAA
0904010U0BNAKAA,0904010H0CCAIAA
0904010U0BNALAA,0904010H0CCAJAA
0904010U0BQAAAA,0904010H0CDAAAA
0904010U0BRAAAA,0904010H0CEAAAA
0904010U0BRABAA,0904010H0CEABAA
0904010U0BRACAA,0904010H0CEACAA
0904010U0BRADAA,0904010H0CEADAA
0904010U0BRAEAA,0904010H0CEAEAA
0904010U0BRAFAA,0904010H0CEAFAA
0904010U0BRAGAA,0904010H0CEAGAA
0904010U0BRAHAA,0904010H0CEAHAA
0904010U0BRAIAA,0904010H0CEAIAA
0904010U0BRAJAA,0904010H0CEAJAA
0904010U0BRAKAA,0904010H0CEAKAA
0904010U0BRALAA,0913271B0BGAAAS
0904010U0BRAMAA,0904010H0CEAMAA
0904010U0BRANAA,0904010H0CEANAA
0904010U0BRAPAA,0904010H0CEAPAA
0904010U0BRAQAA,0904010H0CEAQAA
0904010U0BRARAA,0904010H0CEARAA
0904010U0BRASAA,0904010H0CEASAA
0904010U0BRATAA,0904010H0CEATAA
0904010U0BRAUAA,0904010H0CEAUAA
0904010U0BSAAAA,0913461H0BHAAAR
0904010U0BSABAA,0904010H0CFABAA
0904010U0BSACAA,0904010H0CFACAA
0904010U0BSADAA,0904010H0CFADAA
0904010U0BSAEAA,0913461H0BHABAS
0904010U0BTAAAA,0904010H0CGAAAA
0904010U0BTABAA,0913461E0BFAAAJ
0904010U0BTACAA,0913461H0BEAEAL
0904010U0BTADAA,0904010H0CGADAA
0904010U0BTAEAA,0913461H0BEAAAH
0904010U0BTAFAA,0904010H0CGAFAA
0904010U0BTAGAA,0913461H0BEABAI
0904010U0BTAHAA,0913461H0BEACAJ
0904010U0BTAIAA,0913461H0BEADAK
0904010U0BTAJAA,0904010H0CGAJAA
0904010U0BTAKAA,0904010H0CGAKAA
0904010U0BUAAAA,0913461E0BDACAE
0904010U0BUABAA,0913461E0BDAEAG
0904010U0BVAAAA,0904010H0CHAAAA
0904010U0BVABAA,0904010H0CHABAA
0904010U0BVACAA,0904010H0CHACAA
0904010U0BWAAAA,0904010H0CIAAAA
0904010U0BXAAAA,0904010H0CJAAAA
0904010V0AAADAD,0913261E0AAAEAE
0904010V0BCAAAA,090401070BNAAAI
0904010V0BDAAAD,0913261N0BCABAD
0904010V0BDAFAD,0913261E0BBACAE
0904010V0BDAGAD,0913261E0BBADAE
0904010V0BDAHAD,0913261E0BBABAE
0904010V0BDAIAD,0913261E0BBAAAE
0904010V0BGAAAD,0913261N0BBAAAB
0904010W0BGACAE,0913261R0BBAAAA
0904010W0BGAFAE,0913261R0BBABAA
0904010W0BHAAAE,0913261S0BBAAAB
0904010W0BIAAAE,0913261V0BDACAD
0904010W0BIABAE,0913261V0BDABAD
0904010W0BIACAE,0913261V0BDADAD
0904010W0BIADAE,0913261V0BDAAAD
0904010W0BIAEAE,0913261V0BDAFAD
0904010W0BIAFAE,0913261V0BDAEAD
0904010W0BIAGAE,0913451H0BBAAAA
0904010W0BJAAAE,0913261D0BBAAAB
0904010X0AAABAB,0913261H0AAAGAG
0904010X0BDAAAA,0913451E0BCAAAB
0904010X0BEAAAA,0913261H0BEAAAD
0904010X0BGAAAA,0913261P0BBAAAA
0904010X0BGABAA,0913451K0BBAAAA
0904010X0BGACAA,0913261H0BCAAAB
0904010X0BHABAA,0913451G0BBAAAA
0904010X0BHADAA,0913451G0BBABAB
0904010X0BHAEAA,0913261H0BDAAAC
0904010X0BIAAAA,0913261R0BEAAAC
0904010X0BIABAA,0913261H0BFAAAE
0904010X0BIACAA,0913261P0BDAAAD
0904010X0BIADAA,0913261H0BFABAE
0904010X0BIAEAB,0913261H0BFADAG
0904010X0BJABAA,0913261H0BBACAA
0904010Z0AAAPAP,0913261V0AAAEAE
0904010Z0BGAAAA,0913451H0BDAAAE
0904010Z0BJABAA,0913261V0BCAAAB
0904010Z0BJACAA,0913261V0BCABAC
0904010Z0BJADAP,0913261V0BCACAE
0904010Z0BKAAAA,0913451H0BDABAF
090402000AAAKAK,0913391A0AAABAB
090402000AAALAL,0914011P0AAAAAA
090402000AAAMAM,0914011M0AAAAAA
090402000AAANAN,0913011M0AAAGAG
090402000AAAPAP,0913011F0AAADAD
090402000AAAQAQ,0913011M0AAAFAF
090402000AAARAR,0913011C0AAAHAH
090402000AAASAS,0913061B0AAABAB
090402000AAATAT,0913291A0AAACAC
090402000AAAUAU,0913011G0AAABAB
090402000AAAVAV,0913011G0AAAAAA
090402000AAAWAW,0914021D0AAAAAA
090402000AAAXAX,0914041A0AAAAAA
090402000AAAYAY,0913011S0AAAHAH
090402000AAAZAZ,0913011C0AAAJAJ
090402000AABABA,0913011N0AAAJAJ
090402000AABBBB,0913581C0AAAAAA
090402000AABCBC,0913011C0AAAIAI
090402000AABDBD,0913011J0AAAIAI
090402000AABEBE,0913011N0AAAIAI
090402000AABFBF,0913021H0AAABAB
090402000AABGBG,0913011C0AAAKAK
090402000AABHBH,0913011C0AAALAL
090402000AABIBI,0913011N0AAAKAK
090402000AABJBJ,0913581A0AAAAAA
090402000AABKBK,0913581B0AAAAAA
090402000AABLBL,0913581B0AAABAB
090402000AABMBM,0913011F0AAACAC
090402000AABNBN,0913361A0AAABAB
090402000AABPBP,0914032C0AAABAB
090402000AABQBQ,0913671C0AAAAAA
090402000AABRBR,0913671A0AAAAAA
090402000AABSBS,0913101A0AAAGAG
090402000AABTBT,0913011J0AAAHAH
090402000AABUBU,0913311K0AAAAAA
090402000AABVBV,0913011S0AAAFAF
090402000AABWBW,0913091C0AAAAAA
090402000AABXBX,0913011M0AAAHAH
090402000AABYBY,0913011M0AAAEAE
090402000AABZBZ,0914071C0AAAAAA
090402000AACACA,0913011D0AAADAD
090402000AACBCB,0914052A0AAABAB
090402000AACCCC,0913061C0AAABAB
090402000AACDCD,0913011D0AAACAC
090402000AACECE,0913342A0AAAAAA
090402000AACFCF,0913011X0AAABAB
090402000AACGCG,0913011X0AAAAAA
090402000AACHCH,0913011X0AAADAD
090402000AACICI,0913011X0AAACAC
090402000AACJCJ,0913011H0AAABAB
090402000AACKCK,0913011H0AAAAAA
090402000AACLCL,0913021J0AAABAB
090402000AACMCM,0913021J0AAAAAA
090402000AACPCP,0914051A0AAABAB
090402000AACQCQ,0913391A0AAACAC
090402000AACRCR,0913311J0AAAAAA
090402000AACSCS,0913011E0AAAFAF
090402000AACTCT,0913011B0AAADAD
090402000AACUCU,0913011E0AAAGAG
090402000AACVCV,0913011B0AAACAC
090402000AACWCW,0914021D0AAABAB
090402000AACXCX,0913141A0AAACAC
090402000AACYCY,0914071C0AAABAB
090402000AACZCZ,0913011A0AAABAB
090402000AADADA,0914011I0AAACAC
090402000BBAJA0,0913011N0BFAAAG
090402000BBAWA0,0914011C0BBABAD
090402000BBBDA0,0914011C0BCAAAC
090402000BBBGA0,0913092A0BBAAAA
090402000BBBLA0,0913331A0BBAAAA
090402000BBBPA0,0914011B0BCAAAB
090402000BBBRA0,0913354A0BCABAC
090402000BBBSA0,0913361A0BCAAAD
090402000BBBTA0,0913354A0BBAAAA
090402000BBBUA0,0913361A0BDAAAE
090402000BBBZA0,0913021A0BBABAA
090402000BBCBA0,0914032A0BBAAAA
090402000BBCDA0,0913102A0BBAAAA
090402000BBCEA0,0913061B0BCAAAB
090402000BBCEAS,0913061B0BCAAAB
090402000BBCJA0,0914032B0BCAAAB
090402000BBCKA0,0914071B0BBAAAA
090402000BBDGA0,0914072A0BBAAAA
090402000BBDMA0,0913291A0BDABAC
090402000BBDMAT,0913291A0BDABAC
090402000BBDNA0,0913291A0BDAAAC
090402000BBDNAT,0913291A0BDAAAC
090402000BBDTA0,0914033A0BBAAAA
090402000BBDUA0,0914011B0BBAAAA
090402000BBEBA0,0914071D0BBAAAA
090402000BBEUA0,0913011I0BBAAAC
090402000BBFHA0,0913061D0BBABAB
090402000BBFQA0,0914011H0BCAAAA
090402000BBFSA0,0913251A0BCAAAB
090402000BBFTA0,0913061E0BBAAAA
090402000BBGDA0,0913061A0BBAAAA
090402000BBGIA0,0914021B0BDAAAC
090402000BBGJA0,0914021E0BCAAAC
090402000BBGKA0,0913011E0BEAFAD
090402000BBGLA0,0914061C0BBAAAA
090402000BBGQA0,0914021B0BBAAAB
090402000BBHFA0,0914011I0BBAAAB
090402000BBHGA0,0913061B0BBAAAA
090402000BBHIA0,0913011E0BEACAD
090402000BBHJA0,0913011E0BEADAD
090402000BBHMA0,0914011F0BCAAAC
090402000BBHTA0,0913011L0BCAAAA
090402000BBHWA0,0913151A0BBAAAA
090402000BBIBA0,0914011E0BCAAAB
090402000BBIFA0,0913104A0BDAAAC
090402000BBIGA0,0913061B0BCABAB
090402000BBIGAS,0913061B0BCABAB
090402000BBIPA0,0914021C0BCAAAA
090402000BBIQA0,0914011C0BDAAAA
090402000BBISA0,0913354A0BCAAAB
090402000BBIVA0,0913021A0BBAAAA
090402000BBIXA0,0913062A0BBAAAA
090402000BBJFA0,0914011J0BBAAAC
090402000BBJKA0,0913021B0BBAAAA
090402000BBJLA0,0913141F0BBABAA
090402000BBJMA0,0913141F0BBAAAA
090402000BBJQA0,0913011L0BBAAAB
090402000BBJSA0,0913021E0BEABAA
090402000BBJTA0,0913311C0BBABAA
090402000BBJUA0,0913311C0BBACAA
090402000BBJVA0,0913311C0BBADAA
090402000BBJWA0,0913311C0BBAEAA
090402000BBKFA0,0913311D0BDAAAC
090402000BBKGA0,0913311D0BDABAC
090402000BBKHA0,0913311D0BDACAC
090402000BBKIA0,0913311D0BDAEAC
090402000BBKJA0,0913311D0BDAFAC
090402000BBKPA0,0914011D0BCAAAB
090402000BBKSA0,0913011E0BCAAAB
090402000BBKTA0,0913011E0BCACAB
090402000BBKUA0,0913011E0BCAEAB
090402000BBKVA0,0913011E0BCADAB
090402000BBKWA0,0914011F0BBABAD
090402000BBKXA0,0913311E0BBABAA
090402000BBKZA0,0913311E0BBADAA
090402000BBLAA0,0913311E0BBACAA
090402000BBLBA0,0913011E0BEAEAD
090402000BBLEA0,0913021E0BDAAAC
090402000BBLFA0,0913311C0BDAAAC
090402000BBLGA0,0913021F0BBAAAA
090402000BBLHA0,0913021E0BCAAAB
090402000BBLJA0,0913011C0BFAFAC
090402000BBLKA0,0913021E0BEAAAA
090402000BBLLA0,0914011J0BCAAAA
090402000BBLRA0,0913311H0BBAAAA
090402000BBLVA0,0913311D0BDADAC
090402000BBLWA0,0913631A0BBAAAA
090402000BBMDA0,0913021F0BDAAAC
090402000BBMEA0,0913311C0BBAAAA
090402000BBMKA0,0914021A0BBAAAA
090402000BBMLA0,0914021F0BDAAAB
090402000BBMMA0,0913021F0BCAAAB
090402000BBMNA0,0913021E0BBAAAD
090402000BBMPA0,0914021E0BBAAAA
090402000BBMQA0,0914021C0BBAAAC
090402000BBMUA0,0913011E0BCABAB
090402000BBMZA0,0914021E0BDAAAB
090402000BBNAA0,0914021B0BEAAAA
090402000BBNBA0,0914021F0BCAAAA
090402000BBNCA0,0914021C0BDAAAB
090402000BBNDA0,0914011G0BCAAAB
090402000BBNEA0,0914011Q0BBAAAA
090402000BBNFA0,0914011F0BDAAAA
090402000BBNHA0,0913011K0BDABAB
090402000BBNIA0,0913011U0BCAAAB
090402000BBNJA0,0914011J0BDAAAD
090402000BBNKA0,0914021F0BBAAAC
090402000BBNLA0,0913011N0BGAAAB
090402000BBNMA0,0914011H0BBAAAB
090402000BBNNA0,0913011I0BDAAAA
090402000BBNPA0,0914011B0BDAAAC
090402000BBNRA0,0913011E0BEAAAD
090402000BBNSA0,0913011E0BEABAD
090402000BBNTA0,0913011M0BDAAAB
090402000BBNUA0,0913361A0BCABAD
090402000BBNVA0,0914011D0BBAAAA
090402000BBNWA0,0913011K0BEAAAD
090402000BBNZA0,0913101A0BDAAAC
090402000BBPCA0,0913011E0BDAAAC
090402000BBPDA0,0913011E0BDABAC
090402000BBPEA0,0913011E0BDACAC
090402000BBPFA0,0913011E0BDADAC
090402000BBPGA0,0914011D0BDAAAC
090402000BBPIA0,0913631B0BBAAAA
090402000BBPJA0,0913631B0BBABAA
090402000BBPKA0,0913631B0BBACAA
090402000BBPLA0,0913091A0BBAAAA
090402000BBPWA0,0913081B0BCAAAB
090402000BBPXA0,0913011J0BEADAA
090402000BBPYA0,0913011J0BEAAAA
090402000BBPZA0,0913011J0BEACAA
090402000BBQAA0,0913011J0BEABAA
090402000BBQBA0,0913011K0BDACAB
090402000BBQCA0,0913311D0BCAAAB
090402000BBQEA0,0914071E0BBAAAA
090402000BBQFA0,0913341A0BBAAAA
090402000BBQKA0,0913011C0BCADAA
090402000BBQLA0,0913011C0BCABAA
090402000BBQMA0,0913011C0BCAEAA
090402000BBQYA0,0914033B0BBAAAA
090402000BBRAA0,0913011C0BCACAA
090402000BBRBA0,0913011C0BCAAAA
090402000BBRCA0,0913401A0BBAAAA
090402000BBREA0,0913331A0BBABAA
090402000BBRFA0,0913051A0BBAAAA
090402000BBRGA0,0913311H0BCAAAB
090402000BBRIA0,0914033B0BCAAAB
090402000BBRJA0,0914041B0BBAAAA
090402000BBRKA0,0913011K0BDAAAB
090402000BBRLA0,0913011U0BBAAAA
090402000BBRMA0,0913011S0BFAAAE
090402000BBRPA0,0913321A0BBAAAA
090402000BBRQA0,0914032B0BBAAAA
090402000BBRRA0,0913011N0BEAAAA
090402000BBRVA0,0913207B0BBAAAA
090402000BBRWA0,0913311E0BBAAAA
090402000BBRXA0,0914041B0BDAAAB
090402000BBRYA0,0913311I0BBAAAA
090402000BBRZA0,0913011S0BDAAAC
090402000BBSAA0,0914011J0BBABAB
090402000BBSBA0,0913311C0BCAEAB
090402000BBSCA0,0913311C0BCAFAB
090402000BBSDA0,0913311C0BCAAAB
090402000BBSEA0,0914011G0BBAAAA
090402000BBSFA0,0913641A0BBAAAA
090402000BBSGA0,0913051A0BBABAA
090402000BBSIA0,0913011V0BDAAAD
090402000BBSJA0,0913011V0BDABAF
090402000BBSLA0,0914011F0BBAAAB
090402000BBSMA0,0914011C0BBAAAB
090402000BBSNA0,0914011H0BDAAAC
090402000BBSPA0,0913311C0BCACAB
090402000BBSQA0,0913311C0BCADAB
090402000BBSSA0,0913021F0BBABAA
090402000BBSTA0,0913093A0BBAAAA
090402000BBSUA0,0913051B0BBAAAA
090402000BBSVA0,0913051B0BBABAB
090402000BBSZA0,0913021D0BBAAAA
090402000BBTAA0,0914061A0BBAAAA
090402000BBTBA0,0913031A0BCABAB
090402000BBTDA0,0914041C0BBAAAA
090402000BBTEA0,0913011C0BCAFAE
090402000BBTGA0,0913091B0BBAAAA
090402000BBTHA0,0913021G0BBAAAA
090402000BBTIA0,0913142C0BCAAAA
090402000BBTJA0,0913142C0BCABAA
090402000BBTKA0,0914034A0BBAAAA
090402000BBTPA0,0913051D0BBAAAA
090402000BBTQA0,0913101A0BEAAAD
090402000BBTRA0,0913011T0BBABAA
090402000BBTSA0,0913011J0BFAJAC
090402000BBTTA0,0913011J0BFAHAC
090402000BBTUA0,0913011J0BFAIAC
090402000BBTVA0,0913011J0BFAGAC
090402000BBTWA0,0913011J0BFAFAC
090402000BBTXA0,0914011A0BBAAAA
090402000BBTYA0,0913011M0BFAAAC
090402000BBUAA0,0913103A0BBAAAA
090402000BBUBA0,0913011W0BBABAB
090402000BBUCA0,0913311C0BCABAB
090402000BBUDA0,0913141F0BCAAAB
090402000BBUEA0,0913392A0BBAAAA
090402000BBUFA0,0913011W0BBAAAA
090402000BBUGA0,0913311L0BBAAAA
090402000BBUHA0,0913311L0BBABAA
090402000BBUIA0,0913311L0BBACAA
090402000BBUJA0,0913311L0BBADAA
090402000BBUMA0,0913051C0BBAAAA
090402000BBUNA0,0913011T0BBAAAA
090402000BBUUA0,0914032B0BDAAAC
090402000BBUVA0,0913311B0BCAEAC
090402000BBUWA0,0913021B0BCAAAB
090402000BBUXA0,0913011V0BBADAA
090402000BBUYA0,0913011V0BBACAA
090402000BBUZA0,0913011K0BBABAA
090402000BBVAA0,0913011K0BBAAAA
090402000BBVBA0,0913011J0BGAEAE
090402000BBVCA0,0913011J0BGADAE
090402000BBVDA0,0913011C0BBAHAG
090402000BBVHA0,0913081A0BBAAAA
090402000BBVIA0,0913081A0BBABAA
090402000BBVJA0,0913392A0BBABAA
090402000BBVLA0,0913094A0BBAAAA
090402000BBVMA0,0913011C0BEADAB
090402000BBVNA0,0913011C0BEAAAB
090402000BBVPA0,0913011C0BEABAB
090402000BBVQA0,0913011C0BEACAB
090402000BBVRA0,0913551A0BBAAAA
090402000BBVSA0,0913551A0BBABAA
090402000BBVTA0,0913011V0BCAAAC
090402000BBVUA0,0913021C0BBAAAA
090402000BBVVA0,0913011K0BCAAAE
090402000BBVWA0,0913011N0BCABAF
090402000BBVXA0,0914071A0BBABAB
090402000BBVYA0,0913141F0BBACAA
090402000BBWAA0,0913141B0BDABAC
090402000BBWBA0,0913141B0BDAAAC
090402000BBWCA0,0913141B0BDACAC
090402000BBWDA0,0913011V0BBABAA
090402000BBWEA0,0913011V0BBAAAA
090402000BBWFA0,0913011J0BGABAE
090402000BBWGA0,0913011J0BFAAAB
090402000BBWHA0,0913011J0BFABAB
090402000BBWIA0,0913011J0BFACAB
090402000BBWJA0,0913011J0BFADAB
090402000BBWKA0,0913011J0BFAEAB
090402000BBWLA0,0913011N0BCAAAE
090402000BBWMA0,0913311A0BCAAAB
090402000BBWNA0,0913311A0BCADAC
090402000BBWPA0,0913311B0BBAAAA
090402000BBWQA0,0913311B0BBABAA
090402000BBWSA0,0913311A0BCACAB
090402000BBWTA0,0913311A0BCABAB
090402000BBWUA0,0913141B0BDADAD
090402000BBWVA0,0913011C0BFAGAF
090402000BBWWA0,0913011I0BCAAAB
090402000BBWXA0,0913011J0BGAAAD
090402000BBWYA0,0913011V0BBAEAB
090402000BBWZA0,0914011K0BBAAAA
090402000BBXAA0,0913141C0BBAGAA
090402000BBXBA0,0913141C0BBAEAA
090402000BBXCA0,0913671B0BBAFAB
090402000BBXDA0,0913671B0BBAEAB
090402000BBXEA0,0913671B0BBACAA
090402000BBXFA0,0913671B0BBABAA
090402000BBXGA0,0913311A0BBADAA
090402000BBXHA0,0913311A0BBACAA
090402000BBXIA0,0913311A0BBAAAA
090402000BBXJA0,0913311A0BBABAA
090402000BBXQA0,0914011J0BCABAE
090402000BBXRA0,0913011S0BEAAAD
090402000BBXSA0,0913141A0BBACAA
090402000BBXTA0,0913141B0BBABAA
090402000BBXUA0,0913141B0BBACAA
090402000BBXVA0,0913011T0BCAAAB
090402000BBXWA0,0913011V0BEAAAE
090402000BBXYA0,0913311D0BBAAAA
090402000BBXZA0,0913011N0BHACAC
090402000BBYAA0,0913011N0BHADAC
090402000BBYBA0,0913011N0BHABAC
090402000BBYCA0,0914041C0BCAAAB
090402000BBYEA0,0913021H0BBAAAA
090402000BBYGA0,0913141B0BBADAE
090402000BBYHA0,0913011Q0BDAAAB
090402000BBYJA0,0913011M0BFABAD
090402000BBYMA0,0913021I0BBAAAA
090402000BBYNA0,0914052A0BBAAAA
090402000BBYPA0,0913311G0BBAAAA
090402000BBYQA0,0913011J0BBAAAF
090402000BBYRA0,0913311K0BBABAB
090402000BBYSA0,0913011W0BCAAAC
090402000BBYTA0,0913011C0BFAAAC
090402000BBYUA0,0913011C0BFABAC
090402000BBYVA0,0913011C0BFACAC
090402000BBYWA0,0913011C0BFADAC
090402000BBYXA0,0913011C0BFAEAC
090402000BBYYA0,0913011D0BCAAAB
090402000BBYZA0,0913011D0BCABAB
090402000BBZAA0,0913011D0BCACAB
090402000BBZBA0,0913011D0BCADAB
090402000BBZCA0,0913011D0BCAEAB
090402000BBZDA0,0913011K0BBACAC
090402000BBZEA0,0913011C0BBAAAH
090402000BBZEAR,0913011C0BBAAAH
090402000BBZFA0,0913011C0BBABAH
090402000BBZFAR,0913011C0BBABAH
090402000BBZGA0,0913011C0BBACAH
090402000BBZGAR,0913011C0BBACAH
090402000BBZHA0,0913011C0BBAEAH
090402000BBZHAR,0913011C0BBAEAH
090402000BBZIA0,0913011C0BBAFAH
090402000BBZIAR,0913011C0BBAFAH
090402000BBZJA0,0913011C0BBAGAH
090402000BBZJAR,0913011C0BBAGAH
090402000BBZKA0,0913151A0BBABAA
090402000BBZLA0,0913311B0BCAAAB
090402000BBZMA0,0913311B0BCABAB
090402000BBZNA0,0913311B0BCACAB
090402000BBZPA0,0913311B0BCADAB
090402000BBZQA0,0913011E0BBADAA
090402000BBZRA0,0913011E0BBACAA
090402000BBZSA0,0913011E0BBAAAA
090402000BBZTA0,0913011E0BBABAA
090402000BBZUA0,0913011E0BBAEAE
090402000BBZVA0,0913011N0BEABAA
090402000BBZWA0,0913011F0BBADAA
090402000BBZXA0,0913011F0BBAFAA
090402000BBZYA0,0913011F0BBABAA
090402000BBZZA0,0913011F0BBAEAA
090402000BDAAA0,0913011F0BBAAAA
090402000BDABA0,0913011F0BBAGAB
090402000BDACA0,0913011A0BBABAA
090402000BDADA0,0913011A0BBAAAA
090402000BDAEA0,0913011R0BBAAAA
090402000BDAFA0,0913011B0BBAAAA
090402000BDAGA0,0913011B0BBABAA
090402000BDAHA0,0913011B0BBACAA
090402000BDAIA0,0913011B0BBADAA
090402000BDAJA0,0913011B0BBAEAB
090402000BDAKA0,0913011D0BCAFAA
090402000BDALA0,0913011C0BBAIAH
090402000BDALAR,0913011C0BBAIAH
090402000BDAMA0,0913011J0BGACAE
090402000BDAPA0,0913011S0BBAAAA
090402000BDAQA0,0913031A0BCAAAB
090402000BDARA0,0913081B0BBAAAA
090402000BDASA0,0914011I0BCAAAA
090402000BDAUA0,0914071A0BBAAAA
090402000BDAVAL,0914011P0BBAAAA
090402000BDAWAM,0914011M0BBAAAA
090402000BDAXAN,0913011M0BCABAG
090402000BDAYAP,0913011F0BCABAD
090402000BDAZAP,0913011F0BCACAD
090402000BDBAAP,0913011F0BCADAD
090402000BDBBAP,0913011F0BCAEAD
090402000BDBCAP,0913011F0BCAFAD
090402000BDBDA0,0913141A0BBABAA
090402000BDBEAQ,0913011M0BCAAAF
090402000BDBFAU,0913011G0BBABAB
090402000BDBGAU,0913011G0BBACAB
090402000BDBHAU,0913011G0BBADAB
090402000BDBIAV,0913011G0BBAAAA
090402000BDBJAW,0914021D0BBAAAA
090402000BDBKAX,0914041A0BBAAAA
090402000BDBLAY,0913011S0BCAAAH
090402000BDBMBE,0913011N0BBABAI
090402000BDBNBF,0913021H0BCAAAB
090402000BDBPBG,0913011C0BFAHAK
090402000BDBQBH,0913011C0BFAIAL
090402000BDBRBI,0913011N0BBAAAK
090402000BDBSBJ,0913581A0BBAAAA
090402000BDBTBK,0913581B0BBAAAA
090402000BDBUBK,0913581B0BBABAA
090402000BDBVBK,0913581B0BBACAA
090402000BDBWBK,0913581B0BBADAA
090402000BDBXBK,0913581B0BBAEAA
090402000BDBYBL,0913581B0BBAFAB
090402000BDBZBM,0913011F0BCAAAC
090402000BDCAAR,0913011C0BBADAH
090402000BDCBBN,0913361A0BBACAB
090402000BDCCBP,0914032C0BCAAAB
090402000BDCDA0,0913141B0BBAAAA
090402000BDCEBQ,0913671C0BBABAA
090402000BDCFBQ,0913671C0BBACAA
090402000BDCGBR,0913671A0BBABAA
090402000BDCHBR,0913671A0BBACAA
090402000BDCIBS,0913101A0BFAAAG
090402000BDCJAZ,0913011C0BDAFAJ
090402000BDCKAZ,0913011C0BDACAJ
090402000BDCLAZ,0913011C0BDAEAJ
090402000BDCMAZ,0913011C0BDABAJ
090402000BDCNAZ,0913011C0BDADAJ
090402000BDCPBA,0913011N0BDAAAJ
090402000BDCQBB,0913581C0BBAAAA
090402000BDCRBC,0913011C0BDAAAI
090402000BDCSBD,0913011J0BCAAAI
090402000BDCTBT,0913011J0BBABAH
090402000BDCUBU,0913311K0BBAAAA
090402000BDCVA0,0913011F0BBACAA
090402000BDCWBV,0913011S0BBABAF
090402000BDCXBW,0913091C0BBAAAA
090402000BDCYBQ,0913671C0BBAAAA
090402000BDCZA0,0913671B0BBADAB
090402000BDDAA0,0913671B0BBAAAA
090402000BDDBBR,0913671A0BBAAAA
090402000BDDCA0,0913141A0BBAAAA
090402000BDDDBX,0913011M0BBAAAH
090402000BDDEBY,0913011M0BBABAE
090402000BDDGBZ,0914071C0BBAAAA
090402000BDDHCA,0913011D0BBABAD
090402000BDDICA,0913011D0BBACAD
090402000BDDJCA,0913011D0BBADAD
090402000BDDKCA,0913011D0BBAEAD
090402000BDDLCA,0913011D0BBAFAD
090402000BDDMCB,0914052A0BBABAB
090402000BDDNCC,0913061C0BCAAAB
090402000BDDPCD,0913011D0BBAAAC
090402000BDDQCE,0913342A0BBAAAA
090402000BDDRCF,0913011X0BBABAB
090402000BDDSCG,0913011X0BBAAAA
090402000BDDTCH,0913011X0BCABAD
090402000BDDUCI,0913011X0BCAAAC
090402000BDDVCJ,0913011H0BBABAB
090402000BDDWCJ,0913011H0BBACAB
090402000BDDXCJ,0913011H0BBADAB
090402000BDDYCJ,0913011H0BBAEAB
090402000BDDZCJ,0913011H0BBAFAB
090402000BDEACK,0913011H0BBAAAA
090402000BDEBCL,0913021J0BBABAB
090402000BDECCL,0913021J0BBACAB
090402000BDEDCL,0913021J0BBADAB
090402000BDEECL,0913021J0BBAEAB
090402000BDEFCM,0913021J0BBAAAA
090402000BDEGCP,0914051A0BCAAAB
090402000BDEHCQ,0913391A0BCAAAC
090402000BDEICR,0913311J0BBAAAA
090402000BDEJCS,0913011E0BFAAAF
090402000BDEKCS,0913011E0BFABAF
090402000BDELCS,0913011E0BFACAF
090402000BDEMCS,0913011E0BFADAF
090402000BDENCT,0913011B0BCABAD
090402000BDEPCT,0913011B0BCACAD
090402000BDEQCT,0913011B0BCADAD
090402000BDERCT,0913011B0BCAEAD
090402000BDESCU,0913011E0BFAEAG
090402000BDETCV,0913011B0BCAAAC
090402000BDEUCW,0914021D0BBABAB
090402000BDEVCL,0913021J0BBAFAB
090402000BDEWCX,0913141A0BCAAAC
090402000BDEYCY,0914071C0BCAAAB
090402000BDEZA0,0913011A0BBACAA
090402000BDFACZ,0913011A0BBADAB
090402000BDFBA0,0914032A0BCAAAB
090402000BDFCA0,0914021B0BCAAAD
090402000BDFDA0,0914032A0BDAAAC
090402000BDFEA0,0914021F0BEAAAD
090402000BDFFA0,0914041B0BCAAAC
090402000BDFGA0,0914035A0BBAAAA
090402000BDFIDA,0914011I0BDAAAC
090501100BBBRA0,091200000BFVEFR
0905013G0BBAAAY,0905013G0BBAADE
0905013G0BBABCU,0905013G0BBABDK
0905013G0BCABCX,0905013G0BCABBM
0905013G0BCACAY,0905013G0BCACDE
0905013G0BDAACU,0905013G0BDACDK
0905013G0BEAAAY,0905013G0BEAADE
0905013G0BGABAY,0905013G0BGABDE
0905013G0BGAEDI,0905013G0BGAEDC
090504100BBBRA0,090504100BBBRBB
090504100BBHDA0,090504100BBHDBB
090504700BBBGA0,091000000BBYDBU
090504700BBDGA0,090504700BBDGBC
090504700BBDNA0,090504700BBDNBJ
090504700BBDXA0,090504700BBDXBJ
090504700BBEYA0,090504700BBEYBK
090504700BBFDA0,090504700BBFDBC
0905060A0AAAAAA,09050220V0AAAAAA
0905060A0AAABAB,09050220V0BBABAB
0905060A0AAACAC,09050220V0BBACAC
0905060A0BBAAAA,09050220V0BBAAAA
090601100BBDQA0,0906011H0DJABAH
090601100BBDZA0,091200000BFVZFS
090601100BBEJA0,091200000BFVUFS
090601100BBEMA0,0906011H0BKAFAG
090601100BBENA0,091200000BFVWFS
090601100BBEQA0,091200000BFVPFS
090601100BBERA0,091200000BFVTFS
090601100BBETA0,0906011H0DJAAAG
090601100BBEVA0,0906011H0BQACAH
090601100BBFEA0,0906011H0BDALAG
090601100BBFHA0,091200000BFWIFS
090601100BBFLA0,091200000BFVSFS
090601100BBFSA0,0906011H0DKAAAH
090601100BBGBA0,0906011H0BDAKAG
090601100BBGCA0,0906011H0BDAMAF
090601100BBGQA0,091200000BFWJFS
0906011H0BDAAAI,0906011H0BDAABE
0906011H0BDAEAJ,091200000BFVYFS
0906011H0BDAGA0,091200000BFVFFR
0906024N0AACWCW,090602800AACXCX
090602500BBAFA0,0906025P0BJAABF
090602500BBBCA0,0906025P0BMAAAU
090602500BBBEA0,0906025P0BLAABM
090602500BBBHA0,0906025P0BKAABF
0906025P0BGAABI,0906025P0BGAABP
0906026M0BJACBI,0906026M0BJAEBM
0906026M0BKADBI,0906026M0BKAEBM
090602700BBAXA0,091200000BFVKFS
090602700BBCJA0,091200000BFVXFS
090602700BBCPA0,091200000BFWGFS
090602700BBCQA0,091200000BFWHFS
090602700BBDNA0,091200000BFXQFT
090602700BBEJA0,091200000BFXMFT
090602700BBEKA0,091000000BBYBBU
0906027G0BEAAAB,090607000BBLYBB
0906027G0BFAAAB,091200000BFXPFT
090602800BBECA0,090602800BBECCZ
090602800BBFRA0,091200000BFXLFT
090602800BBIPA0,090602800BBIPAL
090602800BBJEA0,091200000BFVIFS
090602800BBJJA0,090602800BBJJCZ
090602800BBJKA0,090602800BBJKCZ
090602800BBJLA0,090602800BBJLCZ
090602800BBJNA0,090602800BBJNCZ
090603100BBDSA0,091200000BFWAFS
090603100BBEYA0,0906031C0BKABCB
090603100BBFGA0,0906031C0BYADCB
090603100BBFZA0,0906031C0CEAAAL
090603100BBGIA0,0906031C0CFAAAL
090603100BBHIA0,0906031C0CDACBW
090603100BBHQA0,0906031C0BUABAN
090603100BBHRA0,0906031C0BUACAN
090603100BBHUA0,0906031C0BNAECC
0906031C0AABZBZ,1104020AFAAAAAA
0906031C0BJAAAL,0906031C0CCAHAL
0906031C0BNADAN,0906031C0BNAECC
0906031C0BYAAA0,0906031C0BYAH
0906031C0BYABA0,0906031C0BYABAI
0906031C0BZABAL,0906031C0BZABCB
090603200BBBBA0,091200000BFXNFT
090603200BBBRA0,091200000BFWCFS
090603200BBCKA0,091000000BBXYBT
090603300BBEMA0,091200000BFVJFS
0906040C0BBACAF,0906040C0BBACAI
0906040G0BEAABE,0906040G0BEAADW
0906040G0BFAABD,0906040G0BFAADR
0906040G0BFABBR,0906040G0BFABEL
0906040G0BIACBP,0906040G0BIACDX
0906040G0BIADBC,0906040G0BIADDV
0906040G0BIAEBD,0906040G0BIAEDR
0906040G0BIAFBQ,0906040G0BIAFDZ
0906040G0BJABBR,0906040G0BJABEL
0906040G0BLAABB,0906040G0BLAAEQ
0906040G0BNABCA,0906040G0BNABBY
0906040G0BUAACE,0906040G0BUAABY
0906040G0BVAJBB,0906040G0BVAJEQ
0906040G0BWAHCU,0906040G0BWAHEP
0906040G0BWAJBR,0906040G0BWAJEL
0906040G0BWAQBB,0906040G0BWAQEQ
0906040G0BWBHCB,0906040G0BWBNFP
0906040G0BXACBD,0906040G0BXACDR
0906040G0CCAACM,0906040G0CCAADS
0906040G0CEACBK,0906040G0CEACEA
0906040G0CEADBD,0906040G0CEADDR
0906040G0CFAABD,0906040G0CFAADR
0906040G0CGAABD,0906040G0CGAADR
0906040G0CHAABR,0906040G0CHAAEL
0906040G0CHAHBQ,0906040G0CHAHDZ
0906040G0CHAIBB,0906040G0CHAIEQ
0906040G0CHAJCM,0906040G0CHAJDS
0906040G0CIABBD,0906040G0CIABDR
0906040G0CIAEAH,0906040G0CIAEDY
0906040G0CIAFBR,0906040G0CIAFEL
0906040G0CIAGBC,0906040G0CIAGDV
0906040G0CIAIBE,0906040G0CIAIDW
0906040G0CIAJBP,0906040G0CIAJDX
0906040G0CIALBQ,0906040G0CIALDZ
0906040G0CIAMBK,0906040G0CIAMEA
0906040G0CIANBB,0906040G0CIANEQ
0906040G0CIARCM,0906040G0CIARDS
0906040G0CIAUCM,0906040G0CIAUDS
0906040G0CKADBE,0906040G0CKADDW
0906040G0CKAEAH,0906040G0CKAEDY
0906040G0CKAFBK,0906040G0CKAFEA
0906040G0CKAGBC,0906040G0CKAGDV
0906040G0CKAHBD,0906040G0CKAHDR
0906040G0CKAIBQ,0906040G0CKAIDZ
0906040G0CKAJBB,0906040G0CKAJEQ
0906040G0CKAKBR,0906040G0CKAKEL
0906040G0CMAACM,0906040G0CMAADS
0906040G0CNACBD,0906040G0CNACDR
0906040G0CQAABR,0906040G0CQAAEL
0906040G0CVAABD,0906040G0CVAADR
0906040G0CXACBD,0906040G0CXACDR
0906040G0CYABAE,0906040G0CYABEA
0906040G0DDAACM,0906040G0DDAADS
0906040G0DEAABK,0906040G0DEAAEA
0906040G0DEABBC,0906040G0DEABDV
0906040G0DEACBD,0906040G0DEACDR
0906040G0DFAFBB,0906040G0DFAFEQ
0906040G0DJAABD,0906040G0DJAADR
0906040G0DKABBR,0906040G0DKABEL
0906040G0DYAAEV,0906040G0DYACFH
0906040G0EIACEV,0906040G0EIADFH
0906040N0BRAAA6,0906040N0BRAAFL
0906040N0BVAADD,0906040N0BVAAFK
0906040N0BWAAA6,0906040N0BWAAFL
0906040N0BXABA6,0906040N0BXABFL
0906040N0BYADA6,0906040N0BYADFL
0906040N0BZAAA6,0906040N0BZAAFL
0906040N0CBAAFF,0906040N0CBAAFM
0906040N0CDAAA6,0906040N0CDAAFL
090605000BBEUA0,0906050P0CWAEAK
090605000BBGGA0,0906050P0CWAAAF
090605000BBGHA0,0906050P0CWACAB
090605000BBHGA0,0906050P0CXAAAB
090605000BBHHA0,0906050P0CWADAB
090605000BBHTA0,0906050P0CPABAB
090605000BBICA0,0906050P0CWAFA9
090605000BBIKA0,0906050P0CSABAB
090605000BBITA0,0906050P0CPADA9
090605000BBIZA0,0906050P0CWABAF
090605000BBJAA0,0906050P0CRABAK
090605000BBJHA0,0906050P0CPACAK
090605000BBJLA0,0906050P0CYAAAK
090607000BBAHA0,091200000BFXEFT
090607000BBDVA0,091200000BFXIFT
090607000BBDWA0,091200000BFWEFS
090607000BBEFA0,091200000BFWBFS
090607000BBIEA0,091000000BBYEBU
090607000BBIWA0,091200000BFWRFT
090607000BBJRA0,091200000BFVGFS
090607000BBKLA0,091200000BFWQFT
090607000BBKMA0,091200000BFVQFS
090607000BBKRA0,091200000BFVLFS
090607000BBKVA0,091200000BFVDFR
090607000BBKYA0,091200000BFVNFS
090607000BBKZA0,091000000BBYABU
090607000BBLQA0,0913282A0BCAAAB
090607000BBLRA0,0913282B0BCAAAD
090700000BMBNA0,0910000000BBXEA1
090900000AABJBJ,091200000AAGDGD
090900000AABKBK,0913511A0AAAFAF
090900000BBBCBJ,091200000BFXYGD
090900000BBHLA0,0913356A0BDAAAD
090900000BBHZA0,0913352A0BCAAAB
090900000BBIBA0,0913105A0BBAAAA
090900000BBIRA0,0913531A0BCAAAB
090900000BBJKA0,0913356A0BEAAAE
090900000BBJTA0,0913491A0BCAAAC
090900000BBKJA0,0913381A0BBAAAA
090900000BBKKA0,0913104A0BCAAAB
090900000BBKMA0,0914011N0BCABAA
090900000BBKNA0,0913511A0BCAAAB
090900000BBKPA0,0913381B0BBAAAA
090900000BBKQA0,0913101A0BCAAAB
090900000BBKRA0,0913101A0BBAAAA
090900000BBKSA0,0913356A0BCABAC
090900000BBKTA0,0913531A0BBAAAA
090900000BBKUA0,0913356A0BCAAAB
090900000BBKVA0,0913356A0BBAAAA
090900000BBKWA0,0913107A0BBAAAA
090900000BBKXA0,0913352A0BBAAAA
090900000BBKYA0,0913491A0BBABAB
090900000BBKZA0,0913491A0BBAAAA
090900000BBLAA0,0913501A0BCAAAC
090900000BBLBA0,0913501A0BCABAD
090900000BBLCA0,0913311B0BDAAAD
090900000BBLDA0,0913311B0BDABAD
090900000BBLIA0,0913541A0BBACAA
090900000BBLJA0,0913541A0BBAAAA
090900000BBLKA0,0913111B0BCAAAB
090900000BBLLA0,0913111A0BCAAAB
090900000BBLMA0,0913104A0BBAAAA
090900000BBLNA0,0913108A0BBAAAA
090900000BBLPA0,0913501A0BBABAB
090900000BBLQA0,0913511A0BBACAE
090900000BBLRA0,0913501A0BBAAAA
090900000BBLSA0,0913511A0BBAAAA
090900000BBLTA0,0913511A0BBABAD
090900000BBLUBK,0913511A0BBADAF
090900000BBLVA0,0914011N0BCAAAA
090900000BBLWA0,0913541A0BBABAA
091000000BBAYA0,091200000BFVRFS
091000000BBEGA0,091200000BFVMFS
091000000BBENA0,091200000BFWSFT
091000000BBFQA0,091000000BBFQBU
091000000BBHWA0,091200000BFWTFT
091000000BBJHA0,091200000BFWFFS
091000000BBKBA0,091000000BBKBBU
091000000BBKGA0,091000000BBKGBT
091000000BBKNA0,091000000BBKNBU
091000000BBKRA0,091000000BBKRBU
091000000BBKSA0,091200000BFXGFT
091000000BBKWA0,091000000BBKWBU
091000000BBLQA0,091000000BBLQBU
091000000BBLSA0,091000000BBLSBU
091000000BBLTA0,091000000BBLTBU
091000000BBLWA0,091200000BFXHFT
091000000BBMHA0,091000000BBMHBU
091000000BBNAA0,091000000BBNABT
091000000BBNBA0,091000000BBNBBU
091000000BBNUA0,091200000BFWKFS
091000000BBNVA0,091000000BBNVBU
091000000BBNXA0,091000000BBNXBU
091000000BBPFA0,091000000BBPFBU
091000000BBPLA0,091000000BBPLBU
091000000BBPPA0,091000000BBPPBU
091000000BBPYA0,091200000BFXAFT
091000000BBPZA0,091000000BBPZBU
091000000BBQEA0,091000000BBQEBU
091000000BBSMA0,091200000BFWNFT
091000000BBSNA0,091200000BFVBFR
091000000BBSTA0,091000000BBSTBU
091000000BBSXA0,091200000BFWPFT
091000000BBTAA0,091200000BFWVFT
091000000BBTCA0,091000000BBTCBU
091000000BBTPA0,091000000BBTPBU
091000000BBUBA0,091000000BBUBBU
091000000BBUJA0,091000000BBUJBU
091000000BBUNA0,091000000BBUNBT
091000000BBUPA0,091000000BBUPBU
091000000BBUQA0,091000000BBUQBT
091000000BBURA0,091200000BFWXFT
091000000BBUSA0,091000000BBUSBT
091000000BBUTA0,091000000BBUTBT
091000000BBUUA0,091000000BBUUBU
091000000BBUWA0,091200000BFWZFT
091000000BBUZA0,091200000BFXRFT
091000000BBVBA0,091200000BFWLFS
091000000BBVCA0,091200000BFWMFS
091000000BBVFA0,091000000BBVFBT
091000000BBVGA0,091000000BBVGBT
091000000BBVKA0,0913471A0BBAAAA
091000000BBVLA0,091200000BFWYFT
091000000BBVMA0,091200000BFWWFT
091000000BBVQA0,091000000BBVQBT
091000000BBVRA0,091000000BBVRBT
091000000BBVSA0,091000000BBVSBT
091000000BBVTA0,091000000BBVTBT
091000000BBVVA0,091200000BFXDFT
091000000BBVWA0,091200000BFXCFT
091000000BBVXA0,091000000BBVXBT
091000000BBVYA0,091200000BFVHFS
091000000BBVZA0,091200000BFWUFT
091000000BBWAA0,091000000BBWABU
091000000BBWBA0,091000000BBWBBU
091000000BBWCA0,091000000BBWCBU
091000000BBWDA0,091000000BBWDBU
091000000BBWGA0,0913471B0BBAAAA
091000000BBWKA0,0913471B0BBABAB
091000000BBWKBT,0913471B0BBABAB
091000000BBWLA0,091000000BBWLBT
091000000BBWMA0,091000000BBWMBU
091000000BBWNA0,091000000BBWNBT
091000000BBWPA0,091000000BBWPBT
091000000BBWQA0,091000000BBWQBT
091000000BBWRA0,091000000BBWRBU
091000000BBWSA0,091000000BBWSBT
091000000BBWTA0,091000000BBWTBT
091000000BBWUA0,091000000BBWUBU
091000000BBWVA0,0913472A0BBAAAA
091000000BBWVBU,0913472A0BBAAAA
091000000BBWWA0,091000000BBWWBT
091000000BBWXA0,091000000BBWXBU
091000000BBWYA0,091000000BBWYBT
091000000BBWZA0,091200000BFXBFT
091000000BBXAA0,0913282B0BBAAAA
091000000BBXBA0,0913282B0BBABAB
091000000BBXCA0,0913282A0BBAAAA
091000000BBXDA0,0913282B0BBACAC
091000000BBXFA0,091000000BBXFBU
091000000BBXHA0,091000000BBXHBU
091000000BBXIA0,091000000BBXIBU
091000000BBXJA0,091000000BBXJBU
091000000BBXLA0,091000000BBXLBU
091101000AADUDU,0913445A0AAADAD
091101000AAFGFG,0913213A0AAAFAF
091101000AAFHFH,0913213A0AAAGAG
091101000AAFIFI,0913445A0AAACAC
091101000AAFPFP,0913445A0AAAGAG
091101000AAFTFT,0913445A0AAAFAF
091101000AAFYFY,0914051B0AAAAAA
091101000AAFZFZ,0913445A0AAAEAE
091101000AAGCGC,0913445A0AAABAB
091101000AAGEGE,0913206H0AAAAAA
091101000BBBSA0,091101000BBBSCS
091101000BBHWA0,091101000BBHWCS
091101000BBIFA0,091101000BBIFFE
091101000BBJVA0,091101000BBJVCS
091101000BBPLFP,0913445A0BGAAAG
091101000BBPXA0,091101000BBPXFF
091101000BBRVA0,091101000BBRVDQ
091101000BBTQA0,0913213A0BBAAAA
091101000BBTRA0,0913213A0BDAAAC
091101000BBTZA0,0913213A0BCAAAB
091101000BBUBA0,0913141C0BBAAAB
091101000BBUCFH,0913213A0BHAAAG
091101000BBUGA0,0914051A0BBAAAA
091101000BBUHA0,0913141C0BBAFAA
091101000BBUMFT,0913445A0BFAAAF
091101000BBUPDU,0913445A0BDAAAD
091101000BBUSFG,0913213A0BGAAAF
091101000BBUVFY,0914051B0BBAAAA
091101000BBUWFZ,0913445A0BEAAAE
091101000BBUZGC,0913445A0BCAAAB
091101000BBVCGE,0913206H0BBAAAA
091101000BBVDA0,0913141C0BBABAB
091101000BBVEA0,0913141C0BBACAB
091101000BBVFA0,0913141C0BBADAB
091102000AABQBQ,0913121A0AAABAB
091102000BBAPA0,091102000BBAPBB
091102000BBDUA0,091200000BFXKFT
091102000BBFBA0,091102000BBFBBM
091102000BBFMA0,091102000BBFMAI
091102000BBFQA0,091102000BBFQAI
091102000BBGMBQ,0913121A0BCAAAB
091102000BBGSA0,091102000BBGSAI
091102000BBGTA0,091102000BBGTBA
091102000BBHHA0,091102000BBHHAI
091102000BBILA0,0913121A0BBAAAA
091103000BBBZA0,091200000BFVAFQ
091104000BBEUA0,091200000BFXJFT
091104000BBMNA0,091200000BFUZFQ
091104000BBNMA0,0913531C0BCAAAB
091104000BBNRA0,091104000BBNRAU
091104000BBNUA0,0913531C0BBAAAA
091104000BBNVA0,0913531B0BBAAAA
091104000BBNXAV,091104000BBNXAU
091200000BBFIA0,091200000BBFIFQ
091200000BBQEA0,091200000BBQEFQ
091200000BBTZA0,091200000BBTZBK
091200000BBVXCH,091200000BBVXBK
091200000BBWEA0,091200000BBWEBK
091200000BBYNA0,091200000BBYNFQ
091200000BCCKA0,091200000BCCKBK
091200000BCIXA0,091200000BCIXBK
091200000BCJMA0,0307000C0BPAAAK
091200000BCUBA0,091200000BCUBFS
091200000BCUFA0,091200000BCUFFU
091200000BCWWA0,091200000BCWWDJ
091200000BDDWA0,091200000BDDWFQ
091200000BDEGA0,091200000BDEGFQ
091200000BDGDA0,091200000BDGDFR
091200000BDGPA0,091200000BDGPEC
091200000BDHDA0,091200000BDHDDG
091200000BDIUA0,091200000BDIUFU
091200000BDLBA0,091200000BDLBFQ
091200000BDMVA0,091200000BDMVFU
091200000BDNBA0,091200000BDNBFU
091200000BDNJA0,091200000BDNJFU
091200000BDPLA0,091200000BDPLFU
091200000BDRAA0,091200000BDRAFT
091200000BDRJA0,091000000BBXSBT
091200000BDUDCM,091200000BDUDFQ
091200000BDUUA0,091200000BDUUDJ
091200000BDVAA0,091200000BDVAFU
091200000BDWBA0,091200000BDWBFU
091200000BDYFA0,091200000BDYFFU
091200000BDYUA0,091000000BBXTBT
091200000BDZXA0,091200000BDZXDJ
091200000BEAKA0,091200000BEAKFU
091200000BEAWA0,091200000BEAWDJ
091200000BEBEA0,091200000BEBEFQ
091200000BEBHA0,091000000BBXXBT
091200000BEBVA0,091200000BEBVDG
091200000BEDTA0,091200000BEDTBK
091200000BEEKA0,091200000BEEKFQ
091200000BEFRA0,091200000BEFREC
091200000BEGKA0,091200000BEGKFS
091200000BEGMA0,091200000BEGMDK
091200000BEHMA0,091200000BEHMFS
091200000BEHSA0,091200000BEHSFT
091200000BEJYA0,091200000BEJYFS
091200000BEKBA0,091200000BEKBFS
091200000BEKIA0,091200000BEKIDK
091200000BEKKA0,091200000BEKKFU
091200000BEKMA0,091200000BEKMFT
091200000BELXA0,091200000BELXEC
091200000BERTA0,091200000BERTDJ
091200000BERVA0,091200000BERVDY
091200000BESNA0,091200000BESNDJ
091200000BESRA0,091000000BBXNBT
091200000BESXA0,091000000BBXWBT
091200000BETAA0,091200000BETAFU
091200000BETEA0,091200000BETEEE
091200000BETVA0,091200000BETVFQ
091200000BEWBA0,091200000BEWBDG
091200000BEWCA0,091200000BEWCFU
091200000BEWDA0,091200000BEWDDG
091200000BEWHA0,091200000BEWHEE
091200000BEWJA0,091200000BEWJFQ
091200000BEWPA0,091000000BBXUBT
091200000BEWTA0,091200000BEWTDK
091200000BEXHA0,091200000BEXHFT
091200000BEXWA0,091200000BEXWFQ
091200000BEXXA0,091200000BEXXFR
091200000BEYEA0,091200000BEYEFU
091200000BEYJA0,091000000BBXVBT
091200000BEYQA0,091200000BEYQFT
091200000BEZVA0,091200000BEZVEL
091200000BFAPA0,091200000BFAPEC
091200000BFBPA0,091200000BFBPFS
091200000BFBVA0,091200000BFBVFQ
091200000BFCPA0,091200000BFCPFQ
091200000BFCXA0,091200000BFCXFU
091200000BFDGA0,091200000BFDGFU
091200000BFDLA0,091200000BFDLFS
091200000BFEVA0,091200000BFEVDY
091200000BFIYA0,091200000BFIYFT
091200000BFKAA0,091200000BFKAFU
091200000BFKEA0,091200000BFKEFU
091200000BFKIA0,091200000BFKIDW
091200000BFKNA0,091200000BFKNFS
091200000BFKUA0,091200000BFKUFS
091200000BFLDA0,091200000BFLDDJ
091200000BFLFA0,091200000BFLFFS
091200000BFLHA0,091000000BBXRBT
091200000BFLJA0,091000000BBYCBU
091200000BFLPA0,091200000BFLPFS
091200000BFNUA0,091200000BFNUFT
091200000BFNVA0,091200000BFNVFT
091200000BFNXA0,091200000BFNXFT
091200000BFPCA0,091000000BBXPBT
091200000BFPDA0,091200000BFPDFT
091200000BFPFA0,091200000BFPFFS
091200000BFPHA0,091200000BFPHDG
091200000BFPIA0,091200000BFPIFS
091200000BFQCA0,091200000BFQCFT
091200000BFQDA0,091200000BFQDFT
091200000BFQGA0,091200000BFQGFS
091200000BFQVA0,091200000BFQVDG
091200000BFRBA0,091000000BBXMBT
091200000BFRCA0,091000000BBXZBU
091200000BFRJEX,091200000BFRJFA
091200000BFRLA0,0913311A0BDAAAD
091200000BFRMA0,0913011C0BDAFAJ
091200000BFRNA0,0913011C0BDACAJ
091200000BFRPA0,0913011C0BDAEAJ
091200000BFRQA0,0913011C0BDABAJ
091200000BFRZA0,091200000BFRZFU
091200000BFSGA0,0913011C0BDADAJ
091200000BFSHA0,091200000BFSHFC
091200000BFSKA0,091200000BFSKFU
091200000BFSPA0,0913011N0BDAAAJ
091200000BFTBA0,0913581C0BBAAAA
091200000BFTCA0,0913011C0BDAAAI
091200000BFTZA0,091000000BBXQBT
091200000BFUPA0,0913011J0BCAAAI
091200000BFVCFR,0913471A0BBAAAA
0913011C0AAADAD,0913311L0AAAAAA
0913011C0BGAAAD,0913311L0BBAAAA
0913011C0BGABAD,0913311L0BBABAA
0913011C0BGACAD,0913311L0BBACAA
0913011C0BGADAD,0913311L0BBADAA
0913011D0AAAEAE,0913311J0AAAAAA
0913011D0BDAAAE,0913311J0BBAAAA
0913011J0AAAGAG,0913311I0AAAAAA
0913011J0BDAAAG,0913311I0BBAAAA
0913011L0AAACAC,0913311G0AAAAAA
0913011L0BDAAAC,0913311G0BBAAAA
0913011N0AAACAC,0913311D0AAAAAA
0913011N0AAADAD,0913311D0AAACAC
0913011N0AAAHAH,0913311D0AAABAB
0913011N0AAALAL,0913011Z0AAAAAA
0913011N0BFABAH,0913311D0BCAAAB
0913011N0BFACAL,0913011Z0BBAAAA
0913011N0BFADAL,0913011Z0BBABAA
0913011N0BHAAAC,0913311D0BBAAAA
0913011N0BIAAAD,0913311D0BDACAC
0913011N0BIABAD,0913311D0BDAEAC
0913011N0BIACAD,0913311D0BDAFAC
0913011N0BIADAD,0913311D0BDAAAC
0913011N0BIAEAD,0913311D0BDADAC
0913011Q0AAAAAA,0913311H0AAABAB
0913011Q0AAACAC,0913311H0AAAAAA
0913011Q0BBAAAC,0913311H0BBAAAA
0913011Q0BCAAAA,0913311H0BCAAAB
0913011S0AAABAB,0913311K0AAABAB
0913011S0AAAGAG,0913311K0AAAAAA
0913011S0BBACAG,0913311K0BBAAAA
0913011S0BBADAB,0913311K0BBABAB
0913011W0AAAEAE,0913011Y0AAAAAA
0913011W0BDAAAE,0913011Y0BBAAAA
0913031A0AAAAAA,0913631A0AAAAAA
0913031A0BBAAAA,0913631A0BBAAAA
0913031B0AAAAAA,0913631B0AAAAAA
0913031B0BBAAAA,0913631B0BBAAAA
0913031B0BBABAA,0913631B0BBABAA
0913031B0BBACAA,0913631B0BBACAA
0913041A0AAAAAA,0913641A0AAAAAA
0913041A0BBAAAA,0913641A0BBAAAA
0913051E0AAAAAA,0913671C0AAAAAA
0913051E0BBAAAA,0913671C0BBAAAA
0913051E0BBABAA,0913671C0BBABAA
0913051E0BBACAA,0913671C0BBACAA
0913051F0AAAAAA,0913671B0AAABAB
0913051F0AAABAB,0913671B0AAAAAA
0913051F0BBAAAA,0913671B0BBADAB
0913051F0BBABAA,0913671B0BBAEAB
0913051F0BBACAA,0913671B0BBAFAB
0913051F0BBADAB,0913671B0BBAAAA
0913051F0BBAEAB,0913671B0BBABAA
0913051F0BBAFAB,0913671B0BBACAA
0913051G0AAAAAA,0913671A0AAAAAA
0913051G0BBAAAA,0913671A0BBAAAA
0913051G0BBABAA,0913671A0BBABAA
0913051G0BBACAA,0913671A0BBACAA
0913061D0AAAAAA,0913061A0AAAAAA
0913061D0BBAAAA,0913061A0BBAAAA
0913102A0AAABAB,0913351A0AAACAC
0913102A0BCAAAB,0913351A0BCAAAC
0913106A0AAAAAA,0913353A0AAABAB
0913106A0BBAAAA,0913353A0BCAAAB
0913161B0AAAAAA,0913411B0AAAEAE
0913161B0AAABAB,0913411B0AAACAC
0913161B0AAACAC,0913411B0AAADAD
0913161B0AAAFAF,0913161A0AAAGAG
0913161B0BBAAAF,0913161A0BGAAAG
0913161B0BCAAAA,0913411B0BFAAAE
0913161B0BDAAAB,0913411B0BDAAAC
0913161B0BEAAAC,0913411B0BEAAAD
0913161B0BEABAC,0913411B0BEABAD
0913171A0AAAAAA,0913421B0AAAAAA
0913171A0AAABAB,0913421B0AAABAB
0913171A0BBAAAA,0913421B0BBAAAA
0913171A0BBABAB,0913421B0BBABAB
0913171B0AAAAAA,0913421A0AAABAB
0913171B0BBAAAA,0913421A0BCAAAB
0913181D0AAABAB,0913181Q0AAAAAA
0913181D0BBAAAB,0913181Q0BBAAAA
0913181J0AAAAAA,0913431B0AAAAAA
0913181J0BCAAAA,0913431B0BBAAAA
0913205A0AAACAC,0913621A0AAAAAA
0913205A0BBAAAC,0913621A0BBAAAA
0913205C0AAABAB,0913621F0AAABAB
0913205C0AAACAC,0913621F0AAAAAA
0913205C0BCAAAB,0913621F0BBABAB
0913205C0BCABAB,0913621F0BBACAB
0913205C0BCACAC,0913621F0BBAAAA
0913205D0AAABAB,0913621H0AAAAAA
0913205D0BBAEAB,0913621H0BBAAAA
0913205E0AAABAB,0913621D0AAAAAA
0913205E0BCAAAB,0913621D0BBAAAA
0913205H0AAAAAA,0913621C0AAAAAA
0913205H0BBAAAA,0913621C0BBAAAA
0913205H0BBABAA,0913621C0BBABAA
0913205J0AAAAAA,0913621B0AAAAAA
0913205J0BCAAAA,0913621B0BBAAAA
0913205M0AAAAAA,0913621E0AAAAAA
0913205M0BBAAAA,0913621E0BBAAAA
0913205S0AAABAB,0913621G0AAAAAA
0913205S0BBABAB,0913621G0BBAAAA
0913206A0AAABAB,0913622A0AAAAAA
0913206A0BBABAB,0913622A0BBAAAA
0913226C0AAACAC,0913681A0AAAAAA
0913226C0BBACAC,0913681A0BBAAAA
0913238A0AAABAB,0913701A0AAAAAA
0913238A0BBABAB,0913701A0BBAAAA
0913261E0AAACAC,0913451C0AAABAB
0913261E0BEAAAC,0913451C0BCAAAB
0913261F0AAAAAA,0913451I0AAACAC
0913261F0AAABAB,0913451I0AAABAB
0913261F0BBAAAA,0913451I0BDAAAC
0913261F0BCAAAB,0913451I0BCAAAB
0913261G0AAAFAF,0913451D0AAABAB
0913261G0BFAAAF,0913451D0BCAAAB
0913261I0AAADAD,0913451L0AAAAAA
0913261I0BCAAAD,0913451L0BBAAAA
0913261J0AAAGAG,0913451J0AAAAAA
0913261J0BFAAAG,0913451J0BBAAAA
0913261K0AAADAD,0913451F0AAABAB
0913261K0AAAFAF,0913451F0AAAAAA
0913261K0BCALAF,0913451F0BBAAAA
0913261K0BCANAF,0913451F0BBABAA
0913261K0BCAPAF,0913451F0BBACAA
0913261K0BCAQAF,0913451F0BBADAA
0913261K0BEAAAD,0913451F0BCAAAB
0913261L0AAAAAA,0913451K0AAAAAA
0913261L0BBAAAA,0913451K0BBAAAA
0913261M0AAADAD,0913261K0AAAFAF
0913261M0BBAAAD,0913261K0BCANAF
0913261P0AAACAC,0913451G0AAACAC
0913261P0BCABAC,0913451G0BCAAAC
0913261R0AAABAB,0913451H0AAAFAF
0913261R0AAADAD,0913451H0AAAEAE
0913261R0AAAEAE,0913451H0AAABAB
0913261R0BCAAAE,0913451H0BCAAAB
0913261R0BDAAAB,0913451H0BDABAF
0913261R0BDABAD,0913451H0BDAAAE
0913271A0AAAAAA,0913461E0AAAMAM
0913271A0AAABAB,0913461E0AAANAN
0913271A0AAAPAP,0913461E0AAAPAP
0913271A0AAAQAQ,0913461E0AAAQAQ
0913271A0AAAZAZ,0913461E0AAALAL
0913271A0BBAAAA,0913461E0BBABAM
0913271A0BBABAB,0913461E0BBACAN
0913271A0BEAAAP,0913461E0BHAAAP
0913271A0BEABAQ,0913461E0BHABAQ
0913271A0BGAAAZ,0913461E0BEACAL
0913271B0AAAAAA,0913461H0AAAXAX
0913271B0AAABAB,0913461H0AAAYAY
0913271B0AAAPAP,0913461H0AAAUAU
0913271B0AAAQAQ,0913461H0AAAVAV
0913271B0AAARAR,0913461H0AAAWAW
0913271B0BBAAAA,0913461H0BBADAX
0913271B0BBABAB,0913461H0BBAEAY
0913271B0BDAAAH,0913271B0BCAFAH
0913271B0BFAAAP,0913461H0BIAAAU
0913271B0BFABAQ,0913461H0BIABAV
0913271B0BFACAR,0913461H0BIACAW
0913271C0AAARAR,0913461C0AABCBC
0913271C0AAASAS,0913461C0AABHBH
0913271C0AAAUAU,0913461C0AABDBE
0913271C0AAAVAV,0913461C0AABFBF
0913271C0AAAWAW,0913461C0AABGBG
0913271C0AAAXAX,0913461C0AABDBD
0913271C0BGAAAR,0913461C0BIAABC
0913271C0BHAAAS,0913461C0BKAABH
0913271C0BIAAAU,0913461C0BJAABE
0913271C0BIABAV,0913461C0BJABBF
0913271C0BIACAW,0913461C0BJACBG
0913271C0BJAAAX,0913461C0BBADBD
0913281A0AAAAAA,0913472A0AAABAB
0913281A0BBAAAA,0913472A0BCAAAB
0913371A0AAAAAA,0913361A0AAADAD
0913371A0AAABAB,0913361A0AAAEAE
0913371A0BBAAAA,0913361A0BCAAAD
0913371A0BBABAA,0913361A0BCABAD
0913371A0BCAAAB,0913361A0BDAAAE
0913391C0AAAAAA,0913141A0AAACAC
0913391C0AAABAB,0913141A0AAADAD
0913391C0BBAAAA,0913141A0BCAAAC
0913391C0BCAAAB,0913141A0BDAAAD
0913411A0AAABAB,0913461D0AAAEAE
0913411A0BCAAAB,0913461D0BFAAAE
0913411A0BDAAAB,0913461D0BDABAE
0913411A0BEAAAB,0913461D0BEAAAE
0913451H0AAACAC,0913261R0AAAEAE
0913451H0AAADAD,0913261R0AAAFAF
0913451H0BEAAAC,0913261R0BFAAAE
0913451H0BEABAD,0913261R0BFABAF
0913451M0AAAAAA,0913261U0AAABAB
0913451M0BBAAAA,0913261U0BCAAAB
0913473A0AAAAAA,0913282A0AAABAB
0913473A0BBAAAA,0913282A0BCAAAB
0913473B0AAAAAA,0913282B0AAADAD
0913473B0BBAAAA,0913282B0BCAAAD
0913661A0AAAAAA,0913351A0AAACAC
0913661A0BBAAAA,0913351A0BCAAAC
0913662A0AAAAAA,0913353A0AAABAB
0913662A0BBAAAA,0913353A0BCAAAB
0914011C0AAAEAE,0914011D0AAABAB
0914011C0AAAFAF,0914011D0AAACAC
0914011C0BBACAE,0914011D0BCAAAB
0914011C0BDABAF,0914011D0BDAAAC
0914011E0AAAAAA,0914011Q0AAAAAA
0914011E0BBAAAA,0914011Q0BBAAAA
0914011L0AAAAAA,0914011J0AAADAD
0914011L0AAABAB,0914011J0AAAEAE
0914011L0BBAAAA,0914011J0BDAAAD
0914011L0BCAAAB,0914011J0BCABAE
0914011N0AAABAB,0914011P0AAAAAA
0914011N0BBAAAB,0914011P0BBAAAA
0914031A0AAAAAA,0914072A0AAAAAA
0914031A0BBAAAA,0914072A0BBAAAA
0914061A0AAABAB,0914061C0AAAAAA
0914061A0BCAAAB,0914061C0BBAAAA
0914081A0AAAAAA,0914051B0AAAAAA
0914081A0BBAAAA,0914051B0BBAAAA
1001010ADBBAAAA,1001010ADBBAAAB
1001010C0CKAAAW,1001010C0CKAAAL
1001010C0CKABAN,1001010C0CKABAF
1001010L0BCACAE,1001010L0BCACAP
1001010P0BCACAB,1001010P0BCACAR
1001010P0BCADAC,1001010P0BCADBG
1001040P0BBABAB,1001040P0BBABAC
1001050A0BFACA0,1001050A0BFACAM
1001050A0BFAGA0,1001050A0BFAGAB
1002010Q0BBACAT,1002010Q0BBACBK
1003020P0BCACAE,1003020P0BCACAD
1003020P0BCAEAJ,1003020P0BCAEAF
1003020P0BCAHAG,1003020P0BCAHAD
1003020P0BFAAAE,1003020P0BFAAAD
1003020U0AAAAAA,1003020AFAAAAAA
1003020U0BBAAAA,1003020AFBBAAAA
1003020U0BBABAA,1003020AFBBABAA
1003020U0BBACAA,1003020AFBBACAA
1003020U0BBADAI,1003020AFBBADAB
1003020U0BHAAAG,1003020U0BHAAAH
1103010B0BBABAD,1103010B0BBABAF
1105000B0BDAAAP,1105000B0BDAAAE
1106000ADBEAAAA,1106000ADBEABAC
110801000BLANA0,110801000BLANAB
110801000BLARA0,110801000BLARAB
110801000BLASA0,110801000BLASAB
110801000BLATA0,110801000BLATAB
1108010AAAAAAAA,1104020AEAAAEAE
1108010AAAAACAC,1104020AEAAAGAG
1108010AAAAAHAH,1104020AEAAADAD
1108010AAAAAIAI,1104020AEAAACAC
1108010AAAAAJAJ,1104020AEAAAHAH
1108010AAAAALAL,1104020AEAAAFAF
1108010AAAAAMAM,1104020AEAAAJAJ
1108010AAAAAPAP,1104020AEAAAAAA
1108010AAAAARAR,1104020AEAAAIAI
1108010AABCAAAF,1104020AEBEAAAJ
1108010AABCAAAM,1104020AEBEAAAJ
1108010AABDAAAP,1104020AEBBAAAA
1201020Q0AAAAAA,1201010AEAAAAAA
1201020Q0BBAAAA,1201010AEBBAAAA
1202010A0BCAAAD,1202010A0BCAAAB
1202010C0BBACAC,1202010C0BBACAA
1202010C0BBADAD,1202010C0BBADAA
1202010C0BDABAD,1202010C0BDABAA
1202010C0BKACAC,1202010C0BKACAA
1202010I0BCAAAG,1202010I0BCAAAC
1202010I0BDAAAD,1202010I0BDAAAC
1202010L0BBAAAA,1202010L0BBAAAC
1202010M0BCABAD,1202010M0BCABAC
1202010M0BDAAAD,1202010M0BDAAAC
1202010M0BDABAD,1202010M0BDABAC
1202010M0BEAAAD,1202010M0BEAAAC
1202010T0BBABAB,1202010T0BBABAA
1202020L0BCAAAD,1202020L0BCAACC
1202020L0BJABAD,1202020L0BJABCC
1202020P0BBAGAF,1202020P0BBAGAC
1202020P0BJAAAH,1202020P0BJAAAC
1202020P0BJABAH,1202020P0BJABAC
1202020P0BJAEAH,1202020P0BJAEAC
1203010F0BBABAA,1203010F0BBAEAC
1203010T0BBAAAA,1203010T0BBAAAG
1203010T0BBABAA,1203010T0BBABAG
120303000BBBTA0,1203030A0BJAAAE
1203030A0BBAFA0,1203030N0BEACAF
1203030A0BCABAA,1203030A0BCABAE
1203030A0BCACAB,1203030A0BCACAE
1203030A0BCADAA,1203030A0BCADAE
1203030A0BCAEAA,1203030A0BCAEAE
1203030A0BCAFAA,1203030A0BCAFAE
1203030A0BHAAAA,1203030A0BHAAAE
1203030A0BJAAAA,1203030A0BJAAAE
1203040E0BBACAC,1203040E0BBACAB
1203040G0BBABAB,1203040G0BBABAA
130201000BBMACP,130201000BBMADM
130201000BBMJBW,130201000BBMKA0
1302010F0BCAAAP,1302010BBMACP
130201100BBBAA0,130201100BBBAAN
1302011M0BDABAB,1302011L0BKAEAI
1302011M0BDADAB,1302011L0BKADAI
1302011M0BDAFAH,1302011L0BKAFAI
1302011M0BLABA0,1302011L0BLAAAD
1303000B0BEACAM,1303000B0BEACAJ
1304000V0CUAADZ,1304000V0CUAAAD
1304000V0CYAAEC,1304000V0CYAABC
1304000W0BBABAB,1304000W0BBABAA
1305020F0BJACAM,1305020F0BJACBM
1305020S0BHAAAA,1305020S0BHAADS
1305020S0BHABBM,1305020S0BHABDS
1305020Y0AAAAAA,1305030G0AAAAAA
1305020Y0AAABAB,1305030G0AAABAB
1305020Y0BBAAAA,1305030G0BBAAAA
1305020Y0BBABAB,1305030G0BBABAB
130601000BBAHA0,1306030A0BBAAAA
1306010V0BBABAB,1306010V0BBABAM
1306010V0BBADAF,1306010V0BBADAL
1307000M0BFAAAP,1307000M0BFAAAE
1307000M0BQACBE,1307000M0BQACBL
1309000H0BBAEA0,091200000BFXFFT
1309000I0BFAAAB,1309000I0BFAAAA
1310012K0BFAAAY,1310012K0BFAABJ
1310020A0BCAAAC,1310020A0BCAAAA
1310020A0BDAAAD,1310020A0BDAAAA
1310020A0BEAAAC,1310020A0BEAAAA
1310020A0BFAAAC,1310020A0BFAAAA
1310020H0BBAGAG,1310020H0BBAGAE
131005000BBAYA0,1310050P0BBABAD
131005000BBCGA0,1203040C0BIAAAF
1311020L0CHAABS,1311020L0CHAABV
1311020L0CHABBS,1311020L0CHABBW
1311020L0CHACBS,1311020L0CHACBX
1311020L0CHADBS,1311020L0CHADBY
1311020L0CHAEBS,1311020L0CHAEBZ
1311020L0CHAFBS,1311020L0CHAFBV
1311020L0CHAGBS,1311020L0CHAGBY
1311020L0CHAHBS,1311020L0CHAHBZ
1311050U0BCAAAA,1311050U0BCAAAD
1315000G0BEAAAI,1315000G0BEAAAL
140400030BCAAAE,140400030BCAAAD
140400030BDAAAF,140400030BDAAAD
140400030BDABAG,140400030BDABAC
140400060BCAAAC,140400060BCAAAD
1404000F0BNAAA0,1404000F0BNAABB
1404000F0BRAAAZ,1404000F0BRAABA
1404000L0BEAAAD,1404000L0BEAAAF
1404000L0BFAAAD,1404000L0BFAAAF
1404000L0BGAAAF,1404000L0BEADAF
1404000X0AAAAAA,1404000ANAAAAAA
1404000X0AAABAB,1404000ANAAABAB
1404000X0AAADAD,1404000APAAAAAA
1404000X0AAAEAE,1404000APAAABAB
1404000X0AAAFAF,1404000APAAACAC
1404000X0BCAAAA,1404000ANBBAAAA
1404000X0BDAAAA,1404000ANBCAAAA
1404000X0BDAAAB,1404000ANBCABAB
1404000X0BFAAAD,1404000APBBAAAA
1404000X0BFABAF,1404000APBBABAC
1404000X0BGAAAE,1404000APBCAAAB
1404000X0BHAAAF,1404000APBDAAAC
1405010A0BPABBF,1405010A0BPABAF
1405010A0BSAABF,1405010A0BSAAAF
1405020A0BDAAAD,1405020A0BDAAAB
1405020B0BBAAAC,1405020B0BBAAAA
1405020C0BBAAAB,1405020C0BBAAAA
1405030A0BEAAAK,1405030A0BEAAAN
1405030A0BEABAL,1405030A0BEABAM
1501010F0BDAAAG,1501010R0BBAAAA
1501010F0BDABAH,1501010R0BBABAB
1501050X0BBAAAA,1501050X0BBAAAC
180300000BMACA0,1803000A0BBABAA
190205500BCQRA0,190205500BDAAAL
190400000AAPZPZ,0913448A0AAAAAA
190700000AAAZAZ,0913461D0AAAEAE
190700000AABPBP,0913161A0AAAFAF
190700000BBAGA0,0913461D0BFAAAE
190700000BBAGAZ,0913461D0BFAAAE
190700000BBBKA0,0913411B0BCAAAB
190700000BBBLBA,0913161B0BGAAAE
190700000BBBMBA,0913161B0BFAAAD
190700000BBBQBA,0913411B0BDAAAC
190700000BBBTBK,190700000BBBTBA
190700000BBBUBA,0913411B0BEAAAD
190700000BBBVAZ,0913461D0BBAAAA
190700000BBBWAZ,0913461D0BCAAAB
190700000BBCFA0,0913421B0BBAAAA
190700000BBCGA0,0913421B0BBABAB
190700000BBCIA0,0913411B0BEABAD
190700000BBCIBA,0913411B0BEABAD
190700000BBCJA0,0913161A0BEAAAA
190700000BBCKBN,190700000BBCKBA
190700000BBCLBA,0913411B0BFAAAE
190700000BBCMBA,0913411B0BBAAAA
190700000BBCNBA,0913411B0BBABAA
190700000BBCNBK,0913411B0BBABAA
190700000BBCPBA,0913161A0BCAAAC
190700000BBCRA0,0913161A0BBABAE
190700000BBCTA0,0913161A0BFAAAB
190700000BBCUA0,0913161A0BBAAAD
190700000BBCVA0,0913161A0BEABAA
190700000BBCWA0,190700000BBCWBA
190700000BBCXA0,0913161A0BCABAC
190700000BBCXBA,0913161A0BCABAC
190700000BBCYA0,0913411A0BBAAAA
190700000BBCZA0,0913161A0BFABAB
190700000BBDABP,0913161A0BDAAAF
191300000BMCHA0,0913171B0BBABAB
191300000BMCIA0,0913421A0BCAAAB
191300000BMCUA0,0913421A0BBAAAA
20030600520,20030900238
20030600521,20030900239
20030600522,20030900240
20030600523,20030900241
20030600524,20030900242
23150601500,23154801502
23150601501,23154801503
23156251501,23152091500
23156251502,23152091501
23156551500,23153931500
23156551501,23153931501
23300603022,23300263087
23300603023,23300263088
23300603024,23300263089
23304921000,23300263085
23304921001,23300263086
23460604605,23464804601
23701157000,23706607000
23800608004,23804808016
23800608005,23804808017
23806258001,23802098003
23806258002,23802098004
23806258003,23802098005
23806558000,23803938000
